product_id,shop_id,nama_produk,url_produk,harga_listing,harga_detail,harga_awal,harga_diskon,harga_varian_min,harga_varian_max,harga_berbeda_per_varian,punya_varian,jumlah_varian_sku,jumlah_varian_sku_terverifikasi,jumlah_varian_placeholder,terjual_listing,terjual_detail,rating_listing,rating_detail,jumlah_ulasan,stok_tersedia_public,review_bintang_1,review_bintang_2,review_bintang_3,review_bintang_4,review_bintang_5,kondisi,kategori,kategori_breadcrumb,etalase,berat,satuan_berat,minimal_pemesanan,deskripsi,detail_produk_lengkap,jumlah_bagian_detail,detail_produk_json,foto_utama_url,jumlah_foto,semua_foto_url_json,foto_utama_lokal,detail_items_json,variant_axes_json,detail_varian_json,halaman_listing,sumber_discovery,sumber_detail,diambil_pada,status,error
103726663896,7494627384206133002,Kicau Mania Kunci Gantung Kucing Lucu dengan Desain Kreatif dan Warna Cerah untuk Penggemar Kucing dan Aksesori Unik,https://www.tokopedia.com/niuvastudio/kicau-mania-kunci-gantung-kucing-lucu-dengan-desain-kreatif-dan-warna-cerah-untuk-penggemar-kucing-dan-aksesori-unik-1737002078292313866,30000,30000,0,,,,False,False,0,0,0,,0,,,0,50,0,0,0,0,0,Baru,Gantungan Kunci,Perlengkapan Pesta > Hadiah > Gantungan Kunci,Semua Etalase,0.05,KILOGRAM,1 Buah,"NIUVA STUDIO – Jasa 3D print custom
Niuva Inovasi Utama – Niuva Studio merupakan mitra strategis inovasi dan pengembangan produk. Kami menghadirkan solusi kreatif berbasis riset dari konsultasi untuk menciptakan nilai tambah dan keunggulan yang nyata. Salah satu bentuknya adalah produk Merchandise lucu berbasis 3D print!

*** DETAIL PRODUK ***

Material: PLA, Multicolor Print
Size: 8 cm

*** WAKTU PRODUKSI ***

Estimasi penyelesaian mengikuti durasi printing dan kondisi antrian produksi.
~2–3 hari

*** TERMS & CONDITION ***

- Refund tidak akan diterima apabila tidak ada video unboxing

*** NOTE ***

- Ketika menerima paket, mohon rekam proses saat membuka paket","NIUVA STUDIO – Jasa 3D print custom
Niuva Inovasi Utama – Niuva Studio merupakan mitra strategis inovasi dan pengembangan produk. Kami menghadirkan solusi kreatif berbasis riset dari konsultasi untuk menciptakan nilai tambah dan keunggulan yang nyata. Salah satu bentuknya adalah produk Merchandise lucu berbasis 3D print!

*** DETAIL PRODUK ***

Material: PLA, Multicolor Print
Size: 8 cm

*** WAKTU PRODUKSI ***

Estimasi penyelesaian mengikuti durasi printing dan kondisi antrian produksi.
~2–3 hari

*** TERMS & CONDITION ***

- Refund tidak akan diterima apabila tidak ada video unboxing

*** NOTE ***

- Ketika menerima paket, mohon rekam proses saat membuka paket",5,"[{""section_no"": 1, ""title"": ""DESKRIPSI UMUM"", ""text"": ""NIUVA STUDIO – Jasa 3D print custom\nNiuva Inovasi Utama – Niuva Studio merupakan mitra strategis inovasi dan pengembangan produk. Kami menghadirkan solusi kreatif berbasis riset dari konsultasi untuk menciptakan nilai tambah dan keunggulan yang nyata. Salah satu bentuknya adalah produk Merchandise lucu berbasis 3D print!"", ""lines"": [""NIUVA STUDIO – Jasa 3D print custom"", ""Niuva Inovasi Utama – Niuva Studio merupakan mitra strategis inovasi dan pengembangan produk. Kami menghadirkan solusi kreatif berbasis riset dari konsultasi untuk menciptakan nilai tambah dan keunggulan yang nyata. Salah satu bentuknya adalah produk Merchandise lucu berbasis 3D print!""], ""bullets"": []}, {""section_no"": 2, ""title"": ""DETAIL PRODUK"", ""text"": ""Material: PLA, Multicolor Print\nSize: 8 cm"", ""lines"": [""Material: PLA, Multicolor Print"", ""Size: 8 cm""], ""bullets"": []}, {""section_no"": 3, ""title"": ""WAKTU PRODUKSI"", ""text"": ""Estimasi penyelesaian mengikuti durasi printing dan kondisi antrian produksi.\n~2–3 hari"", ""lines"": [""Estimasi penyelesaian mengikuti durasi printing dan kondisi antrian produksi."", ""~2–3 hari""], ""bullets"": []}, {""section_no"": 4, ""title"": ""TERMS & CONDITION"", ""text"": ""- Refund tidak akan diterima apabila tidak ada video unboxing"", ""lines"": [""- Refund tidak akan diterima apabila tidak ada video unboxing""], ""bullets"": [""Refund tidak akan diterima apabila tidak ada video unboxing""]}, {""section_no"": 5, ""title"": ""NOTE"", ""text"": ""- Ketika menerima paket, mohon rekam proses saat membuka paket"", ""lines"": [""- Ketika menerima paket, mohon rekam proses saat membuka paket""], ""bullets"": [""Ketika menerima paket, mohon rekam proses saat membuka paket""]}]",https://p16-images-sign-sg.tokopedia-static.net/tos-alisg-i-aphluv4xwc-sg/73ea006d34cf4944bcbf7040035b2ab1~tplv-aphluv4xwc-resize-jpeg:700:0.jpeg?lk3s=0ccea506&x-expires=1789646002&x-signature=4UISL%2FYJboBGuHt6v1SbO9Ryzwk%3D&x-signature-webp=Jo2zBlT%2BgGlMuyjqqgYIkNt3UyA%3D,2,"[""https://p16-images-sign-sg.tokopedia-static.net/tos-alisg-i-aphluv4xwc-sg/73ea006d34cf4944bcbf7040035b2ab1~tplv-aphluv4xwc-resize-jpeg:700:0.jpeg?lk3s=0ccea506&x-expires=1789646002&x-signature=4UISL%2FYJboBGuHt6v1SbO9Ryzwk%3D&x-signature-webp=Jo2zBlT%2BgGlMuyjqqgYIkNt3UyA%3D"", ""https://p16-images-sign-sg.tokopedia-static.net/tos-alisg-i-aphluv4xwc-sg/eb84e3e85b4f43c5b279ae90d270f4c0~tplv-aphluv4xwc-resize-jpeg:700:0.jpeg?lk3s=0ccea506&x-expires=1789646002&x-signature=XsGpxpSDGKqY5l2EYJZ7b2Qgeik%3D&x-signature-webp=usEfoIBSW4MdqQdPseXbIMLLmow%3D""]",Niuva_Product_Images\103726663896\gallery_001.jpg,"[{""title"": ""Kondisi"", ""value"": ""Baru""}, {""title"": ""Pemesanan Minimum"", ""value"": ""1 Buah""}, {""title"": ""Kategori"", ""value"": ""Gantungan Kunci""}, {""title"": ""Etalase"", ""value"": ""Semua Etalase""}]",[],[],1,apollo_cache,apollo_cache,2026-09-17T15:53:19+07:00,OK,
103726333343,7494627384206133002,Wisuda Custom 3D Print - Patung Graduasi 3D Personalisasi untuk Souvenir Khusus,https://www.tokopedia.com/niuvastudio/wisuda-custom-3d-print-patung-graduasi-3d-personalisasi-untuk-souvenir-khusus-1737001056781305610-1737001528663770890,95000,95000,0,,35000,150000,True,True,18,12,6,,0,,,0,1,0,0,0,0,0,Baru,Bantal & Boneka,Film & Musik > Merchandise > Bantal & Boneka,Semua Etalase,0.1,KILOGRAM,1 Buah,"NIUVA STUDIO – Jasa 3D print custom
Niuva Inovasi Utama – Niuva Studio merupakan mitra strategis inovasi dan pengembangan produk. Kami menghadirkan solusi kreatif berbasis riset dari konsultasi untuk menciptakan nilai tambah dan keunggulan yang nyata. Salah satu bentuknya adalah produk berbasis 3D print yang kami tawarkan untuk mengabadikan Special Moments mu!

*** DETAIL PRODUK ***

Variasi Figur Full-Color (Paint)
Material: PLA, Single Color Print, Hand-Painted with Acrylic Paint and Clear Spray Paint (Matte/Glossy) Finish
Size: 15 cm, 12 cm

Variasi Figur Single Color
Material: PLA, Single Color Print
Size: 15 cm, 12 cm

Variasi Lego Full-Color (Paint)
Material: PLA, Single Color Print, Hand-Painted with Acrylic Paint and Clear Spray Paint (Matte/Glossy) Finish
Size: 12 cm, 8 cm

Variasi Lego Full-Color (MultiColor Print)
Material: PLA, Multi-Color Print, Hand-Painted with Acrylic Paint and Clear Spray Paint (Matte/Glossy) Finish
Size: 12 cm, 8 cm

Variasi Lego Single Color
Material: PLA, Single Color Print
Size: 12 cm, 8 cm

*** WAKTU PRODUKSI ***

Estimasi penyelesaian mengikuti durasi printing, custom paint job, dan kondisi antrian produksi.
~6–7 hari

*** TERMS & CONDITION ***

- Desain yang sudah fix dan sudah memasuki tahap cetak tidak bisa revisi lagi
- Finishing menggunakan hand painting
- Refund tidak akan diterima apabila tidak ada video unboxing

*** NOTE ***

- Pastikan foto referensi dapat di buka dan tidak error (PNG, JPEG)
- Maksimal revisi adalah sebelum masuk masa cetak
- Warna dilakukan secara manual menggunakan cat akrilik
- Ketika menerima paket, mohon rekam proses saat membuka paket

*** PRE ORDER CUSTOM ORDER ***

- Produksi akan memakan waktu 6–7 hari, tergantung besar/kecil produk dan lama pengecatan
- Untuk pesanan custom customer WAJIB chat admin terlebih dahulu
- Pembayaran full 3 hari sebelum delivery (tidak ada deposit)
- Jika ada kesalahan pengiriman atau kekurangan barang, silakan hubungi kami dan sertakan video sebagai bukti. Komplain tanpa bukti video tidak dapat diproses.","NIUVA STUDIO – Jasa 3D print custom
Niuva Inovasi Utama – Niuva Studio merupakan mitra strategis inovasi dan pengembangan produk. Kami menghadirkan solusi kreatif berbasis riset dari konsultasi untuk menciptakan nilai tambah dan keunggulan yang nyata. Salah satu bentuknya adalah produk berbasis 3D print yang kami tawarkan untuk mengabadikan Special Moments mu!

*** DETAIL PRODUK ***

Variasi Figur Full-Color (Paint)
Material: PLA, Single Color Print, Hand-Painted with Acrylic Paint and Clear Spray Paint (Matte/Glossy) Finish
Size: 15 cm, 12 cm

Variasi Figur Single Color
Material: PLA, Single Color Print
Size: 15 cm, 12 cm

Variasi Lego Full-Color (Paint)
Material: PLA, Single Color Print, Hand-Painted with Acrylic Paint and Clear Spray Paint (Matte/Glossy) Finish
Size: 12 cm, 8 cm

Variasi Lego Full-Color (MultiColor Print)
Material: PLA, Multi-Color Print, Hand-Painted with Acrylic Paint and Clear Spray Paint (Matte/Glossy) Finish
Size: 12 cm, 8 cm

Variasi Lego Single Color
Material: PLA, Single Color Print
Size: 12 cm, 8 cm

*** WAKTU PRODUKSI ***

Estimasi penyelesaian mengikuti durasi printing, custom paint job, dan kondisi antrian produksi.
~6–7 hari

*** TERMS & CONDITION ***

- Desain yang sudah fix dan sudah memasuki tahap cetak tidak bisa revisi lagi
- Finishing menggunakan hand painting
- Refund tidak akan diterima apabila tidak ada video unboxing

*** NOTE ***

- Pastikan foto referensi dapat di buka dan tidak error (PNG, JPEG)
- Maksimal revisi adalah sebelum masuk masa cetak
- Warna dilakukan secara manual menggunakan cat akrilik
- Ketika menerima paket, mohon rekam proses saat membuka paket

*** PRE ORDER CUSTOM ORDER ***

- Produksi akan memakan waktu 6–7 hari, tergantung besar/kecil produk dan lama pengecatan
- Untuk pesanan custom customer WAJIB chat admin terlebih dahulu
- Pembayaran full 3 hari sebelum delivery (tidak ada deposit)
- Jika ada kesalahan pengiriman atau kekurangan barang, silakan hubungi kami dan sertakan video sebagai bukti. Komplain tanpa bukti video tidak dapat diproses.",6,"[{""section_no"": 1, ""title"": ""DESKRIPSI UMUM"", ""text"": ""NIUVA STUDIO – Jasa 3D print custom\nNiuva Inovasi Utama – Niuva Studio merupakan mitra strategis inovasi dan pengembangan produk. Kami menghadirkan solusi kreatif berbasis riset dari konsultasi untuk menciptakan nilai tambah dan keunggulan yang nyata. Salah satu bentuknya adalah produk berbasis 3D print yang kami tawarkan untuk mengabadikan Special Moments mu!"", ""lines"": [""NIUVA STUDIO – Jasa 3D print custom"", ""Niuva Inovasi Utama – Niuva Studio merupakan mitra strategis inovasi dan pengembangan produk. Kami menghadirkan solusi kreatif berbasis riset dari konsultasi untuk menciptakan nilai tambah dan keunggulan yang nyata. Salah satu bentuknya adalah produk berbasis 3D print yang kami tawarkan untuk mengabadikan Special Moments mu!""], ""bullets"": []}, {""section_no"": 2, ""title"": ""DETAIL PRODUK"", ""text"": ""Variasi Figur Full-Color (Paint)\nMaterial: PLA, Single Color Print, Hand-Painted with Acrylic Paint and Clear Spray Paint (Matte/Glossy) Finish\nSize: 15 cm, 12 cm\nVariasi Figur Single Color\nMaterial: PLA, Single Color Print\nSize: 15 cm, 12 cm\nVariasi Lego Full-Color (Paint)\nMaterial: PLA, Single Color Print, Hand-Painted with Acrylic Paint and Clear Spray Paint (Matte/Glossy) Finish\nSize: 12 cm, 8 cm\nVariasi Lego Full-Color (MultiColor Print)\nMaterial: PLA, Multi-Color Print, Hand-Painted with Acrylic Paint and Clear Spray Paint (Matte/Glossy) Finish\nSize: 12 cm, 8 cm\nVariasi Lego Single Color\nMaterial: PLA, Single Color Print\nSize: 12 cm, 8 cm"", ""lines"": [""Variasi Figur Full-Color (Paint)"", ""Material: PLA, Single Color Print, Hand-Painted with Acrylic Paint and Clear Spray Paint (Matte/Glossy) Finish"", ""Size: 15 cm, 12 cm"", ""Variasi Figur Single Color"", ""Material: PLA, Single Color Print"", ""Size: 15 cm, 12 cm"", ""Variasi Lego Full-Color (Paint)"", ""Material: PLA, Single Color Print, Hand-Painted with Acrylic Paint and Clear Spray Paint (Matte/Glossy) Finish"", ""Size: 12 cm, 8 cm"", ""Variasi Lego Full-Color (MultiColor Print)"", ""Material: PLA, Multi-Color Print, Hand-Painted with Acrylic Paint and Clear Spray Paint (Matte/Glossy) Finish"", ""Size: 12 cm, 8 cm"", ""Variasi Lego Single Color"", ""Material: PLA, Single Color Print"", ""Size: 12 cm, 8 cm""], ""bullets"": []}, {""section_no"": 3, ""title"": ""WAKTU PRODUKSI"", ""text"": ""Estimasi penyelesaian mengikuti durasi printing, custom paint job, dan kondisi antrian produksi.\n~6–7 hari"", ""lines"": [""Estimasi penyelesaian mengikuti durasi printing, custom paint job, dan kondisi antrian produksi."", ""~6–7 hari""], ""bullets"": []}, {""section_no"": 4, ""title"": ""TERMS & CONDITION"", ""text"": ""- Desain yang sudah fix dan sudah memasuki tahap cetak tidak bisa revisi lagi\n- Finishing menggunakan hand painting\n- Refund tidak akan diterima apabila tidak ada video unboxing"", ""lines"": [""- Desain yang sudah fix dan sudah memasuki tahap cetak tidak bisa revisi lagi"", ""- Finishing menggunakan hand painting"", ""- Refund tidak akan diterima apabila tidak ada video unboxing""], ""bullets"": [""Desain yang sudah fix dan sudah memasuki tahap cetak tidak bisa revisi lagi"", ""Finishing menggunakan hand painting"", ""Refund tidak akan diterima apabila tidak ada video unboxing""]}, {""section_no"": 5, ""title"": ""NOTE"", ""text"": ""- Pastikan foto referensi dapat di buka dan tidak error (PNG, JPEG)\n- Maksimal revisi adalah sebelum masuk masa cetak\n- Warna dilakukan secara manual menggunakan cat akrilik\n- Ketika menerima paket, mohon rekam proses saat membuka paket"", ""lines"": [""- Pastikan foto referensi dapat di buka dan tidak error (PNG, JPEG)"", ""- Maksimal revisi adalah sebelum masuk masa cetak"", ""- Warna dilakukan secara manual menggunakan cat akrilik"", ""- Ketika menerima paket, mohon rekam proses saat membuka paket""], ""bullets"": [""Pastikan foto referensi dapat di buka dan tidak error (PNG, JPEG)"", ""Maksimal revisi adalah sebelum masuk masa cetak"", ""Warna dilakukan secara manual menggunakan cat akrilik"", ""Ketika menerima paket, mohon rekam proses saat membuka paket""]}, {""section_no"": 6, ""title"": ""PRE ORDER CUSTOM ORDER"", ""text"": ""- Produksi akan memakan waktu 6–7 hari, tergantung besar/kecil produk dan lama pengecatan\n- Untuk pesanan custom customer WAJIB chat admin terlebih dahulu\n- Pembayaran full 3 hari sebelum delivery (tidak ada deposit)\n- Jika ada kesalahan pengiriman atau kekurangan barang, silakan hubungi kami dan sertakan video sebagai bukti. Komplain tanpa bukti video tidak dapat diproses."", ""lines"": [""- Produksi akan memakan waktu 6–7 hari, tergantung besar/kecil produk dan lama pengecatan"", ""- Untuk pesanan custom customer WAJIB chat admin terlebih dahulu"", ""- Pembayaran full 3 hari sebelum delivery (tidak ada deposit)"", ""- Jika ada kesalahan pengiriman atau kekurangan barang, silakan hubungi kami dan sertakan video sebagai bukti. Komplain tanpa bukti video tidak dapat diproses.""], ""bullets"": [""Produksi akan memakan waktu 6–7 hari, tergantung besar/kecil produk dan lama pengecatan"", ""Untuk pesanan custom customer WAJIB chat admin terlebih dahulu"", ""Pembayaran full 3 hari sebelum delivery (tidak ada deposit)"", ""Jika ada kesalahan pengiriman atau kekurangan barang, silakan hubungi kami dan sertakan video sebagai bukti. Komplain tanpa bukti video tidak dapat diproses.""]}]",https://p16-images-sign-sg.tokopedia-static.net/tos-alisg-i-aphluv4xwc-sg/70f78c7827e64a44ae2300b7a55eb96f~tplv-aphluv4xwc-resize-jpeg:700:0.jpeg?lk3s=0ccea506&x-expires=1789646008&x-signature=lVd4XUDpWS9eRMEqkfo%2BqooJq74%3D&x-signature-webp=pp2yEsiGGIIvLKueQb1pY214YQU%3D,5,"[""https://p16-images-sign-sg.tokopedia-static.net/tos-alisg-i-aphluv4xwc-sg/70f78c7827e64a44ae2300b7a55eb96f~tplv-aphluv4xwc-resize-jpeg:700:0.jpeg?lk3s=0ccea506&x-expires=1789646008&x-signature=lVd4XUDpWS9eRMEqkfo%2BqooJq74%3D&x-signature-webp=pp2yEsiGGIIvLKueQb1pY214YQU%3D"", ""https://p16-images-sign-sg.tokopedia-static.net/tos-alisg-i-aphluv4xwc-sg/2895518b3f3e437a99eb47ebe8d12387~tplv-aphluv4xwc-resize-jpeg:700:0.jpeg?lk3s=0ccea506&x-expires=1789646008&x-signature=KdpLa3GULJtv9AjRZatL6whc7ZI%3D&x-signature-webp=URFFCPLSgZ8vTlDuGkIqMN7ETHE%3D"", ""https://p16-images-sign-sg.tokopedia-static.net/tos-alisg-i-aphluv4xwc-sg/98abfe8b86c04aa391091e8549c9bd7a~tplv-aphluv4xwc-resize-jpeg:700:0.jpeg?lk3s=0ccea506&x-expires=1789646008&x-signature=qMIMIQ%2Bo9Mgb3pJUpi5eIuskNms%3D&x-signature-webp=6nXxcwwjugD6xF1kR0NQuopW1Ls%3D"", ""https://p16-images-sign-sg.tokopedia-static.net/tos-alisg-i-aphluv4xwc-sg/953f4730e0cd4002af1024c33147fa80~tplv-aphluv4xwc-resize-jpeg:700:0.jpeg?lk3s=0ccea506&x-expires=1789646008&x-signature=TN%2BmsynoafUSezIdHeIhIui9cX4%3D&x-signature-webp=FXNOEUSt7bnwZgoN%2B3Upw5j%2BeWM%3D"", ""https://p16-images-sign-sg.tokopedia-static.net/tos-alisg-i-aphluv4xwc-sg/8ecde87b876e4e9aa40a5bff368747ae~tplv-aphluv4xwc-resize-jpeg:700:0.jpeg?lk3s=0ccea506&x-expires=1789646008&x-signature=pCHyfVTtO2d%2FYQejpL4P3G4QSe0%3D&x-signature-webp=7gu5N1oS%2FBIoRszbJ%2B3OyeRzuD8%3D""]",Niuva_Product_Images\103726333343\gallery_001.jpg,"[{""title"": ""Kondisi"", ""value"": ""Baru""}, {""title"": ""Pemesanan Minimum"", ""value"": ""1 Buah""}, {""title"": ""Kategori"", ""value"": ""Bantal & Boneka""}, {""title"": ""Etalase"", ""value"": ""Semua Etalase""}]","[{""name"": ""wisuda custom"", ""identifier"": """", ""options"": [{""option_id"": ""3"", ""value"": ""Figur Custom Face"", ""hex_color"": """", ""stock"": 2, ""picture_url"": """", ""picture_url_100"": """"}, {""option_id"": ""4"", ""value"": ""Figur Painted"", ""hex_color"": """", ""stock"": 2, ""picture_url"": """", ""picture_url_100"": """"}, {""option_id"": ""5"", ""value"": ""Figur Single Color"", ""hex_color"": """", ""stock"": 2, ""picture_url"": """", ""picture_url_100"": """"}, {""option_id"": ""6"", ""value"": ""Lego Painted"", ""hex_color"": """", ""stock"": 2, ""picture_url"": """", ""picture_url_100"": """"}, {""option_id"": ""7"", ""value"": ""Lego Multicolor"", ""hex_color"": """", ""stock"": 2, ""picture_url"": """", ""picture_url_100"": """"}, {""option_id"": ""8"", ""value"": ""Lego Single Color"", ""hex_color"": """", ""stock"": 2, ""picture_url"": """", ""picture_url_100"": """"}]}, {""name"": ""ukuran"", ""identifier"": """", ""options"": [{""option_id"": ""9"", ""value"": ""15 cm"", ""hex_color"": """", ""stock"": 0, ""picture_url"": """", ""picture_url_100"": """"}, {""option_id"": ""10"", ""value"": ""12 cm"", ""hex_color"": """", ""stock"": 0, ""picture_url"": """", ""picture_url_100"": """"}, {""option_id"": ""11"", ""value"": ""8 cm"", ""hex_color"": """", ""stock"": 0, ""picture_url"": """", ""picture_url_100"": """"}]}]","[{""product_id"": ""103726333343"", ""product_name"": ""Wisuda Custom 3D Print - Patung Graduasi 3D Personalisasi untuk Souvenir Khusus - Figur Custom Face, 15 cm"", ""product_name_raw"": ""Wisuda Custom 3D Print - Patung Graduasi 3D Personalisasi untuk Souvenir Khusus - Figur Custom Face, 15 cm"", ""product_url"": ""https://www.tokopedia.com/niuvastudio/wisuda-custom-3d-print-patung-graduasi-3d-personalisasi-untuk-souvenir-khusus-1737001056781305610-1737001528663770890"", ""price"": 95000, ""price_payload"": 95000, ""price_fmt"": ""Rp95.000"", ""original_price"": null, ""slash_price_fmt"": """", ""discount_percentage"": 0.0, ""option_ids"": [""3"", ""9""], ""option_names"": [""Figur Custom Face"", ""15 cm""], ""option_names_raw"": [""Figur Custom Face"", ""15 cm""], ""stock"": 1, ""is_buyable"": true, ""minimum_order"": 1, ""maximum_order"": 1, ""stock_message"": ""Stok terakhir, beli sekarang!"", ""is_cod"": false, ""image_url"": ""https://images.tokopedia.net/img/cache/700/aphluv/1997/1/1/70f78c7827e64a44ae2300b7a55eb96f~.jpeg.webp"", ""image_url_100"": ""https://images.tokopedia.net/img/cache/150/aphluv/1997/1/1/70f78c7827e64a44ae2300b7a55eb96f~.jpeg"", ""is_placeholder"": false, ""status"": ""TERSEDIA""}, {""product_id"": ""103726333344"", ""product_name"": ""Wisuda Custom 3D Print - Patung Graduasi 3D Personalisasi untuk Souvenir Khusus - Figur Custom Face, 12 cm"", ""product_name_raw"": ""Wisuda Custom 3D Print - Patung Graduasi 3D Personalisasi untuk Souvenir Khusus - Figur Custom Face, 12 cm"", ""product_url"": ""https://www.tokopedia.com/niuvastudio/wisuda-custom-3d-print-patung-graduasi-3d-personalisasi-untuk-souvenir-khusus-1737001056781305610-1737001528663836426"", ""price"": 75000, ""price_payload"": 75000, ""price_fmt"": ""Rp75.000"", ""original_price"": null, ""slash_price_fmt"": """", ""discount_percentage"": 0.0, ""option_ids"": [""3"", ""10""], ""option_names"": [""Figur Custom Face"", ""12 cm""], ""option_names_raw"": [""Figur Custom Face"", ""12 cm""], ""stock"": 1, ""is_buyable"": true, ""minimum_order"": 1, ""maximum_order"": 1, ""stock_message"": ""Stok terakhir, beli sekarang!"", ""is_cod"": false, ""image_url"": ""https://images.tokopedia.net/img/cache/700/aphluv/1997/1/1/70f78c7827e64a44ae2300b7a55eb96f~.jpeg.webp"", ""image_url_100"": ""https://images.tokopedia.net/img/cache/150/aphluv/1997/1/1/70f78c7827e64a44ae2300b7a55eb96f~.jpeg"", ""is_placeholder"": false, ""status"": ""TERSEDIA""}, {""product_id"": ""103726333345"", ""product_name"": ""Wisuda Custom 3D Print - Patung Graduasi 3D Personalisasi untuk Souvenir Khusus - Figur Painted, 15 cm"", ""product_name_raw"": ""Wisuda Custom 3D Print - Patung Graduasi 3D Personalisasi untuk Souvenir Khusus - Figur Painted, 15 cm"", ""product_url"": ""https://www.tokopedia.com/niuvastudio/wisuda-custom-3d-print-patung-graduasi-3d-personalisasi-untuk-souvenir-khusus-1737001056781305610-1737001528663901962"", ""price"": 85000, ""price_payload"": 85000, ""price_fmt"": ""Rp85.000"", ""original_price"": null, ""slash_price_fmt"": """", ""discount_percentage"": 0.0, ""option_ids"": [""4"", ""9""], ""option_names"": [""Figur Painted"", ""15 cm""], ""option_names_raw"": [""Figur Painted"", ""15 cm""], ""stock"": 1, ""is_buyable"": true, ""minimum_order"": 1, ""maximum_order"": 1, ""stock_message"": ""Stok terakhir, beli sekarang!"", ""is_cod"": false, ""image_url"": ""https://images.tokopedia.net/img/cache/700/aphluv/1997/1/1/70f78c7827e64a44ae2300b7a55eb96f~.jpeg.webp"", ""image_url_100"": ""https://images.tokopedia.net/img/cache/150/aphluv/1997/1/1/70f78c7827e64a44ae2300b7a55eb96f~.jpeg"", ""is_placeholder"": false, ""status"": ""TERSEDIA""}, {""product_id"": ""103726333346"", ""product_name"": ""Wisuda Custom 3D Print - Patung Graduasi 3D Personalisasi untuk Souvenir Khusus - Figur Painted, 12 cm"", ""product_name_raw"": ""Wisuda Custom 3D Print - Patung Graduasi 3D Personalisasi untuk Souvenir Khusus - Figur Painted, 12 cm"", ""product_url"": ""https://www.tokopedia.com/niuvastudio/wisuda-custom-3d-print-patung-graduasi-3d-personalisasi-untuk-souvenir-khusus-1737001056781305610-1737001528663967498"", ""price"": 65000, ""price_payload"": 65000, ""price_fmt"": ""Rp65.000"", ""original_price"": null, ""slash_price_fmt"": """", ""discount_percentage"": 0.0, ""option_ids"": [""4"", ""10""], ""option_names"": [""Figur Painted"", ""12 cm""], ""option_names_raw"": [""Figur Painted"", ""12 cm""], ""stock"": 1, ""is_buyable"": true, ""minimum_order"": 1, ""maximum_order"": 1, ""stock_message"": ""Stok terakhir, beli sekarang!"", ""is_cod"": false, ""image_url"": ""https://images.tokopedia.net/img/cache/700/aphluv/1997/1/1/70f78c7827e64a44ae2300b7a55eb96f~.jpeg.webp"", ""image_url_100"": ""https://images.tokopedia.net/img/cache/150/aphluv/1997/1/1/70f78c7827e64a44ae2300b7a55eb96f~.jpeg"", ""is_placeholder"": false, ""status"": ""TERSEDIA""}, {""product_id"": ""103726333347"", ""product_name"": ""Wisuda Custom 3D Print - Patung Graduasi 3D Personalisasi untuk Souvenir Khusus - Figur Single Color, 15 cm"", ""product_name_raw"": ""Wisuda Custom 3D Print - Patung Graduasi 3D Personalisasi untuk Souvenir Khusus - Figur Single Color, 15 cm"", ""product_url"": ""https://www.tokopedia.com/niuvastudio/wisuda-custom-3d-print-patung-graduasi-3d-personalisasi-untuk-souvenir-khusus-1737001056781305610-1737001528664033034"", ""price"": 65000, ""price_payload"": 65000, ""price_fmt"": ""Rp65.000"", ""original_price"": null, ""slash_price_fmt"": """", ""discount_percentage"": 0.0, ""option_ids"": [""5"", ""9""], ""option_names"": [""Figur Single Color"", ""15 cm""], ""option_names_raw"": [""Figur Single Color"", ""15 cm""], ""stock"": 1, ""is_buyable"": true, ""minimum_order"": 1, ""maximum_order"": 1, ""stock_message"": ""Stok terakhir, beli sekarang!"", ""is_cod"": false, ""image_url"": ""https://images.tokopedia.net/img/cache/700/aphluv/1997/1/1/70f78c7827e64a44ae2300b7a55eb96f~.jpeg.webp"", ""image_url_100"": ""https://images.tokopedia.net/img/cache/150/aphluv/1997/1/1/70f78c7827e64a44ae2300b7a55eb96f~.jpeg"", ""is_placeholder"": false, ""status"": ""TERSEDIA""}, {""product_id"": ""103726333348"", ""product_name"": ""Wisuda Custom 3D Print - Patung Graduasi 3D Personalisasi untuk Souvenir Khusus - Figur Single Color, 12 cm"", ""product_name_raw"": ""Wisuda Custom 3D Print - Patung Graduasi 3D Personalisasi untuk Souvenir Khusus - Figur Single Color, 12 cm"", ""product_url"": ""https://www.tokopedia.com/niuvastudio/wisuda-custom-3d-print-patung-graduasi-3d-personalisasi-untuk-souvenir-khusus-1737001056781305610-1737001528664098570"", ""price"": 45000, ""price_payload"": 45000, ""price_fmt"": ""Rp45.000"", ""original_price"": null, ""slash_price_fmt"": """", ""discount_percentage"": 0.0, ""option_ids"": [""5"", ""10""], ""option_names"": [""Figur Single Color"", ""12 cm""], ""option_names_raw"": [""Figur Single Color"", ""12 cm""], ""stock"": 1, ""is_buyable"": true, ""minimum_order"": 1, ""maximum_order"": 1, ""stock_message"": ""Stok terakhir, beli sekarang!"", ""is_cod"": false, ""image_url"": ""https://images.tokopedia.net/img/cache/700/aphluv/1997/1/1/70f78c7827e64a44ae2300b7a55eb96f~.jpeg.webp"", ""image_url_100"": ""https://images.tokopedia.net/img/cache/150/aphluv/1997/1/1/70f78c7827e64a44ae2300b7a55eb96f~.jpeg"", ""is_placeholder"": false, ""status"": ""TERSEDIA""}, {""product_id"": ""103726333349"", ""product_name"": ""Wisuda Custom 3D Print - Patung Graduasi 3D Personalisasi untuk Souvenir Khusus - Lego Painted, 12 cm"", ""product_name_raw"": ""Wisuda Custom 3D Print - Patung Graduasi 3D Personalisasi untuk Souvenir Khusus - Lego Painted, 12 cm"", ""product_url"": ""https://www.tokopedia.com/niuvastudio/wisuda-custom-3d-print-patung-graduasi-3d-personalisasi-untuk-souvenir-khusus-1737001056781305610-1737001528664164106"", ""price"": 80000, ""price_payload"": 80000, ""price_fmt"": ""Rp80.000"", ""original_price"": null, ""slash_price_fmt"": """", ""discount_percentage"": 0.0, ""option_ids"": [""6"", ""10""], ""option_names"": [""Lego Painted"", ""12 cm""], ""option_names_raw"": [""Lego Painted"", ""12 cm""], ""stock"": 1, ""is_buyable"": true, ""minimum_order"": 1, ""maximum_order"": 1, ""stock_message"": ""Stok terakhir, beli sekarang!"", ""is_cod"": false, ""image_url"": ""https://images.tokopedia.net/img/cache/700/aphluv/1997/1/1/70f78c7827e64a44ae2300b7a55eb96f~.jpeg.webp"", ""image_url_100"": ""https://images.tokopedia.net/img/cache/150/aphluv/1997/1/1/70f78c7827e64a44ae2300b7a55eb96f~.jpeg"", ""is_placeholder"": false, ""status"": ""TERSEDIA""}, {""product_id"": ""103726333350"", ""product_name"": ""Wisuda Custom 3D Print - Patung Graduasi 3D Personalisasi untuk Souvenir Khusus - Lego Painted, 8 cm"", ""product_name_raw"": ""Wisuda Custom 3D Print - Patung Graduasi 3D Personalisasi untuk Souvenir Khusus - Lego Painted, 8 cm"", ""product_url"": ""https://www.tokopedia.com/niuvastudio/wisuda-custom-3d-print-patung-graduasi-3d-personalisasi-untuk-souvenir-khusus-1737001056781305610-1737001528664229642"", ""price"": 60000, ""price_payload"": 60000, ""price_fmt"": ""Rp60.000"", ""original_price"": null, ""slash_price_fmt"": """", ""discount_percentage"": 0.0, ""option_ids"": [""6"", ""11""], ""option_names"": [""Lego Painted"", ""8 cm""], ""option_names_raw"": [""Lego Painted"", ""8 cm""], ""stock"": 1, ""is_buyable"": true, ""minimum_order"": 1, ""maximum_order"": 1, ""stock_message"": ""Stok terakhir, beli sekarang!"", ""is_cod"": false, ""image_url"": ""https://images.tokopedia.net/img/cache/700/aphluv/1997/1/1/70f78c7827e64a44ae2300b7a55eb96f~.jpeg.webp"", ""image_url_100"": ""https://images.tokopedia.net/img/cache/150/aphluv/1997/1/1/70f78c7827e64a44ae2300b7a55eb96f~.jpeg"", ""is_placeholder"": false, ""status"": ""TERSEDIA""}, {""product_id"": ""103726333351"", ""product_name"": ""Wisuda Custom 3D Print - Patung Graduasi 3D Personalisasi untuk Souvenir Khusus - Lego Multicolor, 12 cm"", ""product_name_raw"": ""Wisuda Custom 3D Print - Patung Graduasi 3D Personalisasi untuk Souvenir Khusus - Lego Multicolor, 12 cm"", ""product_url"": ""https://www.tokopedia.com/niuvastudio/wisuda-custom-3d-print-patung-graduasi-3d-personalisasi-untuk-souvenir-khusus-1737001056781305610-1737001528664295178"", ""price"": 150000, ""price_payload"": 150000, ""price_fmt"": ""Rp150.000"", ""original_price"": null, ""slash_price_fmt"": """", ""discount_percentage"": 0.0, ""option_ids"": [""7"", ""10""], ""option_names"": [""Lego Multicolor"", ""12 cm""], ""option_names_raw"": [""Lego Multicolor"", ""12 cm""], ""stock"": 1, ""is_buyable"": true, ""minimum_order"": 1, ""maximum_order"": 1, ""stock_message"": ""Stok terakhir, beli sekarang!"", ""is_cod"": false, ""image_url"": ""https://images.tokopedia.net/img/cache/700/aphluv/1997/1/1/70f78c7827e64a44ae2300b7a55eb96f~.jpeg.webp"", ""image_url_100"": ""https://images.tokopedia.net/img/cache/150/aphluv/1997/1/1/70f78c7827e64a44ae2300b7a55eb96f~.jpeg"", ""is_placeholder"": false, ""status"": ""TERSEDIA""}, {""product_id"": ""103726333352"", ""product_name"": ""Wisuda Custom 3D Print - Patung Graduasi 3D Personalisasi untuk Souvenir Khusus - Lego Multicolor, 8 cm"", ""product_name_raw"": ""Wisuda Custom 3D Print - Patung Graduasi 3D Personalisasi untuk Souvenir Khusus - Lego Multicolor, 8 cm"", ""product_url"": ""https://www.tokopedia.com/niuvastudio/wisuda-custom-3d-print-patung-graduasi-3d-personalisasi-untuk-souvenir-khusus-1737001056781305610-1737001528664360714"", ""price"": 80000, ""price_payload"": 80000, ""price_fmt"": ""Rp80.000"", ""original_price"": null, ""slash_price_fmt"": """", ""discount_percentage"": 0.0, ""option_ids"": [""7"", ""11""], ""option_names"": [""Lego Multicolor"", ""8 cm""], ""option_names_raw"": [""Lego Multicolor"", ""8 cm""], ""stock"": 1, ""is_buyable"": true, ""minimum_order"": 1, ""maximum_order"": 1, ""stock_message"": ""Stok terakhir, beli sekarang!"", ""is_cod"": false, ""image_url"": ""https://images.tokopedia.net/img/cache/700/aphluv/1997/1/1/70f78c7827e64a44ae2300b7a55eb96f~.jpeg.webp"", ""image_url_100"": ""https://images.tokopedia.net/img/cache/150/aphluv/1997/1/1/70f78c7827e64a44ae2300b7a55eb96f~.jpeg"", ""is_placeholder"": false, ""status"": ""TERSEDIA""}, {""product_id"": ""103726333353"", ""product_name"": ""Wisuda Custom 3D Print - Patung Graduasi 3D Personalisasi untuk Souvenir Khusus - Lego Single Color, 12 cm"", ""product_name_raw"": ""Wisuda Custom 3D Print - Patung Graduasi 3D Personalisasi untuk Souvenir Khusus - Lego Single Color, 12 cm"", ""product_url"": ""https://www.tokopedia.com/niuvastudio/wisuda-custom-3d-print-patung-graduasi-3d-personalisasi-untuk-souvenir-khusus-1737001056781305610-1737001528664426250"", ""price"": 55000, ""price_payload"": 55000, ""price_fmt"": ""Rp55.000"", ""original_price"": null, ""slash_price_fmt"": """", ""discount_percentage"": 0.0, ""option_ids"": [""8"", ""10""], ""option_names"": [""Lego Single Color"", ""12 cm""], ""option_names_raw"": [""Lego Single Color"", ""12 cm""], ""stock"": 1, ""is_buyable"": true, ""minimum_order"": 1, ""maximum_order"": 1, ""stock_message"": ""Stok terakhir, beli sekarang!"", ""is_cod"": false, ""image_url"": ""https://images.tokopedia.net/img/cache/700/aphluv/1997/1/1/70f78c7827e64a44ae2300b7a55eb96f~.jpeg.webp"", ""image_url_100"": ""https://images.tokopedia.net/img/cache/150/aphluv/1997/1/1/70f78c7827e64a44ae2300b7a55eb96f~.jpeg"", ""is_placeholder"": false, ""status"": ""TERSEDIA""}, {""product_id"": ""103726333354"", ""product_name"": ""Wisuda Custom 3D Print - Patung Graduasi 3D Personalisasi untuk Souvenir Khusus - Lego Single Color, 8 cm"", ""product_name_raw"": ""Wisuda Custom 3D Print - Patung Graduasi 3D Personalisasi untuk Souvenir Khusus - Lego Single Color, 8 cm"", ""product_url"": ""https://www.tokopedia.com/niuvastudio/wisuda-custom-3d-print-patung-graduasi-3d-personalisasi-untuk-souvenir-khusus-1737001056781305610-1737001528664491786"", ""price"": 35000, ""price_payload"": 35000, ""price_fmt"": ""Rp35.000"", ""original_price"": null, ""slash_price_fmt"": """", ""discount_percentage"": 0.0, ""option_ids"": [""8"", ""11""], ""option_names"": [""Lego Single Color"", ""8 cm""], ""option_names_raw"": [""Lego Single Color"", ""8 cm""], ""stock"": 1, ""is_buyable"": true, ""minimum_order"": 1, ""maximum_order"": 1, ""stock_message"": ""Stok terakhir, beli sekarang!"", ""is_cod"": false, ""image_url"": ""https://images.tokopedia.net/img/cache/700/aphluv/1997/1/1/70f78c7827e64a44ae2300b7a55eb96f~.jpeg.webp"", ""image_url_100"": ""https://images.tokopedia.net/img/cache/150/aphluv/1997/1/1/70f78c7827e64a44ae2300b7a55eb96f~.jpeg"", ""is_placeholder"": false, ""status"": ""TERSEDIA""}, {""product_id"": ""-9223371933128442465"", ""product_name"": ""Wisuda Custom 3D Print - Figur Custom Face, 8 cm"", ""product_name_raw"": ""Wisuda Custom 3D Print - Patung Graduasi 3D Personalisasi untuk Souvenir Khusus - Figur Custom Face, 15 cm"", ""product_url"": null, ""price"": null, ""price_payload"": 95000, ""price_fmt"": """", ""original_price"": null, ""slash_price_fmt"": """", ""discount_percentage"": null, ""option_ids"": [""3"", ""11""], ""option_names"": [""Figur Custom Face"", ""8 cm""], ""option_names_raw"": [""Figur Custom Face"", ""15 cm""], ""stock"": 0, ""is_buyable"": false, ""minimum_order"": 1, ""maximum_order"": 1, ""stock_message"": ""Stok terakhir, beli sekarang!"", ""is_cod"": false, ""image_url"": ""https://images.tokopedia.net/img/cache/700/aphluv/1997/1/1/70f78c7827e64a44ae2300b7a55eb96f~.jpeg.webp"", ""image_url_100"": ""https://images.tokopedia.net/img/cache/150/aphluv/1997/1/1/70f78c7827e64a44ae2300b7a55eb96f~.jpeg"", ""is_placeholder"": true, ""status"": ""PLACEHOLDER_TOKOPEDIA""}, {""product_id"": ""-9223371933128442465"", ""product_name"": ""Wisuda Custom 3D Print - Figur Painted, 8 cm"", ""product_name_raw"": ""Wisuda Custom 3D Print - Patung Graduasi 3D Personalisasi untuk Souvenir Khusus - Figur Custom Face, 15 cm"", ""product_url"": null, ""price"": null, ""price_payload"": 95000, ""price_fmt"": """", ""original_price"": null, ""slash_price_fmt"": """", ""discount_percentage"": null, ""option_ids"": [""4"", ""11""], ""option_names"": [""Figur Painted"", ""8 cm""], ""option_names_raw"": [""Figur Custom Face"", ""15 cm""], ""stock"": 0, ""is_buyable"": false, ""minimum_order"": 1, ""maximum_order"": 1, ""stock_message"": ""Stok terakhir, beli sekarang!"", ""is_cod"": false, ""image_url"": ""https://images.tokopedia.net/img/cache/700/aphluv/1997/1/1/70f78c7827e64a44ae2300b7a55eb96f~.jpeg.webp"", ""image_url_100"": ""https://images.tokopedia.net/img/cache/150/aphluv/1997/1/1/70f78c7827e64a44ae2300b7a55eb96f~.jpeg"", ""is_placeholder"": true, ""status"": ""PLACEHOLDER_TOKOPEDIA""}, {""product_id"": ""-9223371933128442465"", ""product_name"": ""Wisuda Custom 3D Print - Figur Single Color, 8 cm"", ""product_name_raw"": ""Wisuda Custom 3D Print - Patung Graduasi 3D Personalisasi untuk Souvenir Khusus - Figur Custom Face, 15 cm"", ""product_url"": null, ""price"": null, ""price_payload"": 95000, ""price_fmt"": """", ""original_price"": null, ""slash_price_fmt"": """", ""discount_percentage"": null, ""option_ids"": [""5"", ""11""], ""option_names"": [""Figur Single Color"", ""8 cm""], ""option_names_raw"": [""Figur Custom Face"", ""15 cm""], ""stock"": 0, ""is_buyable"": false, ""minimum_order"": 1, ""maximum_order"": 1, ""stock_message"": ""Stok terakhir, beli sekarang!"", ""is_cod"": false, ""image_url"": ""https://images.tokopedia.net/img/cache/700/aphluv/1997/1/1/70f78c7827e64a44ae2300b7a55eb96f~.jpeg.webp"", ""image_url_100"": ""https://images.tokopedia.net/img/cache/150/aphluv/1997/1/1/70f78c7827e64a44ae2300b7a55eb96f~.jpeg"", ""is_placeholder"": true, ""status"": ""PLACEHOLDER_TOKOPEDIA""}, {""product_id"": ""-9223371933128442465"", ""product_name"": ""Wisuda Custom 3D Print - Lego Painted, 15 cm"", ""product_name_raw"": ""Wisuda Custom 3D Print - Patung Graduasi 3D Personalisasi untuk Souvenir Khusus - Figur Custom Face, 15 cm"", ""product_url"": null, ""price"": null, ""price_payload"": 95000, ""price_fmt"": """", ""original_price"": null, ""slash_price_fmt"": """", ""discount_percentage"": null, ""option_ids"": [""6"", ""9""], ""option_names"": [""Lego Painted"", ""15 cm""], ""option_names_raw"": [""Figur Custom Face"", ""15 cm""], ""stock"": 0, ""is_buyable"": false, ""minimum_order"": 1, ""maximum_order"": 1, ""stock_message"": ""Stok terakhir, beli sekarang!"", ""is_cod"": false, ""image_url"": ""https://images.tokopedia.net/img/cache/700/aphluv/1997/1/1/70f78c7827e64a44ae2300b7a55eb96f~.jpeg.webp"", ""image_url_100"": ""https://images.tokopedia.net/img/cache/150/aphluv/1997/1/1/70f78c7827e64a44ae2300b7a55eb96f~.jpeg"", ""is_placeholder"": true, ""status"": ""PLACEHOLDER_TOKOPEDIA""}, {""product_id"": ""-9223371933128442465"", ""product_name"": ""Wisuda Custom 3D Print - Lego Multicolor, 15 cm"", ""product_name_raw"": ""Wisuda Custom 3D Print - Patung Graduasi 3D Personalisasi untuk Souvenir Khusus - Figur Custom Face, 15 cm"", ""product_url"": null, ""price"": null, ""price_payload"": 95000, ""price_fmt"": """", ""original_price"": null, ""slash_price_fmt"": """", ""discount_percentage"": null, ""option_ids"": [""7"", ""9""], ""option_names"": [""Lego Multicolor"", ""15 cm""], ""option_names_raw"": [""Figur Custom Face"", ""15 cm""], ""stock"": 0, ""is_buyable"": false, ""minimum_order"": 1, ""maximum_order"": 1, ""stock_message"": ""Stok terakhir, beli sekarang!"", ""is_cod"": false, ""image_url"": ""https://images.tokopedia.net/img/cache/700/aphluv/1997/1/1/70f78c7827e64a44ae2300b7a55eb96f~.jpeg.webp"", ""image_url_100"": ""https://images.tokopedia.net/img/cache/150/aphluv/1997/1/1/70f78c7827e64a44ae2300b7a55eb96f~.jpeg"", ""is_placeholder"": true, ""status"": ""PLACEHOLDER_TOKOPEDIA""}, {""product_id"": ""-9223371933128442465"", ""product_name"": ""Wisuda Custom 3D Print - Lego Single Color, 15 cm"", ""product_name_raw"": ""Wisuda Custom 3D Print - Patung Graduasi 3D Personalisasi untuk Souvenir Khusus - Figur Custom Face, 15 cm"", ""product_url"": null, ""price"": null, ""price_payload"": 95000, ""price_fmt"": """", ""original_price"": null, ""slash_price_fmt"": """", ""discount_percentage"": null, ""option_ids"": [""8"", ""9""], ""option_names"": [""Lego Single Color"", ""15 cm""], ""option_names_raw"": [""Figur Custom Face"", ""15 cm""], ""stock"": 0, ""is_buyable"": false, ""minimum_order"": 1, ""maximum_order"": 1, ""stock_message"": ""Stok terakhir, beli sekarang!"", ""is_cod"": false, ""image_url"": ""https://images.tokopedia.net/img/cache/700/aphluv/1997/1/1/70f78c7827e64a44ae2300b7a55eb96f~.jpeg.webp"", ""image_url_100"": ""https://images.tokopedia.net/img/cache/150/aphluv/1997/1/1/70f78c7827e64a44ae2300b7a55eb96f~.jpeg"", ""is_placeholder"": true, ""status"": ""PLACEHOLDER_TOKOPEDIA""}]",1,apollo_cache,apollo_cache,2026-09-17T15:53:24+07:00,OK,
103474501379,7494627384206133002,3D PRINT LEGO FIGURE WISUDAWAN TELKOM UNIVERSITY,https://www.tokopedia.com/niuvastudio/3d-print-lego-figure-wisudawan-telkom-university-1736031180211586826,150000,150000,0,,,,False,False,0,0,0,,0,,,0,10,0,0,0,0,0,Baru,Figure Set,Mainan & Hobi > Figure > Figure Set,Semua Etalase,0.15,KILOGRAM,1 Buah,"NIUVA STUDIO - Jasa 3D print custom
Niuva Inovasi Utama - Niuva Studio merupakan mitra strategis inovasi dan pengembangan produk. Kami menghadirkan solusi kreatif berbasis riset dari konsultasi untuk menciptakan nilai tambah dan keunggulan yang nyata. Salah satu bentuknya adalah produk berbasis 3D print yang kami tawarkan untuk mengabadikan Special Moments mu!

DETAIL PRODUK :
Material: PLA
Size: 12cm
Layer height : 0.2mm

NOTES :
- tulis fakultas di notes/chat yaa
Jika ada kesalahan pengiriman atau kekurangan barang, silakan hubungi kami dan sertakan video sebagai bukti.
Komplain tanpa bukti video tidak dapat diproses","NIUVA STUDIO - Jasa 3D print custom
Niuva Inovasi Utama - Niuva Studio merupakan mitra strategis inovasi dan pengembangan produk. Kami menghadirkan solusi kreatif berbasis riset dari konsultasi untuk menciptakan nilai tambah dan keunggulan yang nyata. Salah satu bentuknya adalah produk berbasis 3D print yang kami tawarkan untuk mengabadikan Special Moments mu!

DETAIL PRODUK :
Material: PLA
Size: 12cm
Layer height : 0.2mm

NOTES :
- tulis fakultas di notes/chat yaa
Jika ada kesalahan pengiriman atau kekurangan barang, silakan hubungi kami dan sertakan video sebagai bukti.
Komplain tanpa bukti video tidak dapat diproses",3,"[{""section_no"": 1, ""title"": ""DESKRIPSI UMUM"", ""text"": ""NIUVA STUDIO - Jasa 3D print custom\nNiuva Inovasi Utama - Niuva Studio merupakan mitra strategis inovasi dan pengembangan produk. Kami menghadirkan solusi kreatif berbasis riset dari konsultasi untuk menciptakan nilai tambah dan keunggulan yang nyata. Salah satu bentuknya adalah produk berbasis 3D print yang kami tawarkan untuk mengabadikan Special Moments mu!"", ""lines"": [""NIUVA STUDIO - Jasa 3D print custom"", ""Niuva Inovasi Utama - Niuva Studio merupakan mitra strategis inovasi dan pengembangan produk. Kami menghadirkan solusi kreatif berbasis riset dari konsultasi untuk menciptakan nilai tambah dan keunggulan yang nyata. Salah satu bentuknya adalah produk berbasis 3D print yang kami tawarkan untuk mengabadikan Special Moments mu!""], ""bullets"": []}, {""section_no"": 2, ""title"": ""DETAIL PRODUK"", ""text"": ""Material: PLA\nSize: 12cm\nLayer height : 0.2mm"", ""lines"": [""Material: PLA"", ""Size: 12cm"", ""Layer height : 0.2mm""], ""bullets"": []}, {""section_no"": 3, ""title"": ""NOTES"", ""text"": ""- tulis fakultas di notes/chat yaa\nJika ada kesalahan pengiriman atau kekurangan barang, silakan hubungi kami dan sertakan video sebagai bukti.\nKomplain tanpa bukti video tidak dapat diproses"", ""lines"": [""- tulis fakultas di notes/chat yaa"", ""Jika ada kesalahan pengiriman atau kekurangan barang, silakan hubungi kami dan sertakan video sebagai bukti."", ""Komplain tanpa bukti video tidak dapat diproses""], ""bullets"": [""tulis fakultas di notes/chat yaa""]}]",https://p16-images-sign-sg.tokopedia-static.net/tos-alisg-i-aphluv4xwc-sg/8b099fd1aa4e49e2998ae999803708fa~tplv-aphluv4xwc-resize-jpeg:700:0.jpeg?lk3s=0ccea506&x-expires=1789646011&x-signature=j3QM%2Bnlx1YUB2%2Bd3r%2FYdkcPq%2Bjk%3D&x-signature-webp=BDhDKtuKqO62qEOXTE8om5%2BGnTE%3D,2,"[""https://p16-images-sign-sg.tokopedia-static.net/tos-alisg-i-aphluv4xwc-sg/8b099fd1aa4e49e2998ae999803708fa~tplv-aphluv4xwc-resize-jpeg:700:0.jpeg?lk3s=0ccea506&x-expires=1789646011&x-signature=j3QM%2Bnlx1YUB2%2Bd3r%2FYdkcPq%2Bjk%3D&x-signature-webp=BDhDKtuKqO62qEOXTE8om5%2BGnTE%3D"", ""https://p16-images-sign-sg.tokopedia-static.net/tos-alisg-i-aphluv4xwc-sg/f3ebd02f8d3044808010eebaada7b8a0~tplv-aphluv4xwc-resize-jpeg:700:0.jpeg?lk3s=0ccea506&x-expires=1789646011&x-signature=A%2BLggcWo1DNN4xASKtWrj6m1XZY%3D&x-signature-webp=d%2F1P%2Fpi3DYifmMwjKTW7HYXJCz0%3D""]",Niuva_Product_Images\103474501379\gallery_001.jpg,"[{""title"": ""Kondisi"", ""value"": ""Baru""}, {""title"": ""Pemesanan Minimum"", ""value"": ""1 Buah""}, {""title"": ""Kategori"", ""value"": ""Figure Set""}, {""title"": ""Etalase"", ""value"": ""Semua Etalase""}]",[],[],1,apollo_cache,apollo_cache,2026-09-17T15:53:28+07:00,OK,
103343689816,7494627384206133002,"3D PRINT KEYCHAIN GEDUNG TELKOM UNIVERSITY (TULT, BANDUNG TECHNO PARK)",https://www.tokopedia.com/niuvastudio/3d-print-keychain-gedung-telkom-university-tult-bandung-techno-park-1735431958738929418-1735431963114374922,35200,35200,0,,30400,35200,True,True,3,3,0,,0,,,0,5,0,0,0,0,0,Baru,Gantungan Kunci,Perlengkapan Pesta > Hadiah > Gantungan Kunci,Semua Etalase,0.2,KILOGRAM,1 Buah,"NIUVA STUDIO – Jasa 3D print custom
Niuva Inovasi Utama – Niuva Studio merupakan mitra strategis inovasi dan pengembangan produk. Kami menghadirkan solusi kreatif berbasis riset dari konsultasi untuk menciptakan nilai tambah dan keunggulan yang nyata. Salah satu bentuknya adalah produk berbasis 3D print yang kami tawarkan untuk mengabadikan Special Moments mu!

DETAIL PRODUK :
Material : PLA
Size: 8cm
Layer height : 0.2mm

Jika ada kesalahan pengiriman atau kekurangan barang, silakan hubungi kami dan sertakan video sebagai bukti. Komplain tanpa bukti video tidak dapat diproses","NIUVA STUDIO – Jasa 3D print custom
Niuva Inovasi Utama – Niuva Studio merupakan mitra strategis inovasi dan pengembangan produk. Kami menghadirkan solusi kreatif berbasis riset dari konsultasi untuk menciptakan nilai tambah dan keunggulan yang nyata. Salah satu bentuknya adalah produk berbasis 3D print yang kami tawarkan untuk mengabadikan Special Moments mu!

DETAIL PRODUK :
Material : PLA
Size: 8cm
Layer height : 0.2mm

Jika ada kesalahan pengiriman atau kekurangan barang, silakan hubungi kami dan sertakan video sebagai bukti. Komplain tanpa bukti video tidak dapat diproses",2,"[{""section_no"": 1, ""title"": ""DESKRIPSI UMUM"", ""text"": ""NIUVA STUDIO – Jasa 3D print custom\nNiuva Inovasi Utama – Niuva Studio merupakan mitra strategis inovasi dan pengembangan produk. Kami menghadirkan solusi kreatif berbasis riset dari konsultasi untuk menciptakan nilai tambah dan keunggulan yang nyata. Salah satu bentuknya adalah produk berbasis 3D print yang kami tawarkan untuk mengabadikan Special Moments mu!"", ""lines"": [""NIUVA STUDIO – Jasa 3D print custom"", ""Niuva Inovasi Utama – Niuva Studio merupakan mitra strategis inovasi dan pengembangan produk. Kami menghadirkan solusi kreatif berbasis riset dari konsultasi untuk menciptakan nilai tambah dan keunggulan yang nyata. Salah satu bentuknya adalah produk berbasis 3D print yang kami tawarkan untuk mengabadikan Special Moments mu!""], ""bullets"": []}, {""section_no"": 2, ""title"": ""DETAIL PRODUK"", ""text"": ""Material : PLA\nSize: 8cm\nLayer height : 0.2mm\nJika ada kesalahan pengiriman atau kekurangan barang, silakan hubungi kami dan sertakan video sebagai bukti. Komplain tanpa bukti video tidak dapat diproses"", ""lines"": [""Material : PLA"", ""Size: 8cm"", ""Layer height : 0.2mm"", ""Jika ada kesalahan pengiriman atau kekurangan barang, silakan hubungi kami dan sertakan video sebagai bukti. Komplain tanpa bukti video tidak dapat diproses""], ""bullets"": []}]",https://p16-images-sign-sg.tokopedia-static.net/tos-alisg-i-aphluv4xwc-sg/4d1042ce0a4841c4b1cddde7c56e4253~tplv-aphluv4xwc-resize-jpeg:700:0.jpeg?lk3s=0ccea506&x-expires=1789646017&x-signature=bSSq4nt%2B1%2BQjDqLw2xZ%2FF4DE6Z8%3D&x-signature-webp=8n8x3kU2zcCyaMWhj70OApnJKJM%3D,7,"[""https://p16-images-sign-sg.tokopedia-static.net/tos-alisg-i-aphluv4xwc-sg/4d1042ce0a4841c4b1cddde7c56e4253~tplv-aphluv4xwc-resize-jpeg:700:0.jpeg?lk3s=0ccea506&x-expires=1789646017&x-signature=bSSq4nt%2B1%2BQjDqLw2xZ%2FF4DE6Z8%3D&x-signature-webp=8n8x3kU2zcCyaMWhj70OApnJKJM%3D"", ""https://p16-images-sign-sg.tokopedia-static.net/tos-alisg-i-aphluv4xwc-sg/5197b144621c4b56bc569b2712dd84a7~tplv-aphluv4xwc-resize-jpeg:700:0.jpeg?lk3s=0ccea506&x-expires=1789646017&x-signature=Enc4sPipEhn9qLy%2BX4Hw4ZNBOO4%3D&x-signature-webp=%2FiyRGB8bTXq3JFHOKx7XGzQlv9s%3D"", ""https://p16-images-sign-sg.tokopedia-static.net/tos-alisg-i-aphluv4xwc-sg/d645dd79b9564e0ca37bde219012b21b~tplv-aphluv4xwc-resize-jpeg:700:0.jpeg?lk3s=0ccea506&x-expires=1789646017&x-signature=S0V9KaIXwAAUyiWNXU%2FzcTTewmg%3D&x-signature-webp=%2BDyuTyDAvzVRTwIUnNFp5Sp2gAI%3D"", ""https://p16-images-sign-sg.tokopedia-static.net/tos-alisg-i-aphluv4xwc-sg/33b107e073684cc6ac77dba9bccf5f02~tplv-aphluv4xwc-resize-jpeg:700:0.jpeg?lk3s=0ccea506&x-expires=1789646017&x-signature=gjB3D6cjx7Uf7vIuqJNjUJz6Lao%3D&x-signature-webp=olv1eG3Z6fgGkeHTVLVG9BJVsIg%3D"", ""https://p16-images-sign-sg.tokopedia-static.net/tos-alisg-i-aphluv4xwc-sg/e140811d00c343c3b00983a8d73258b2~tplv-aphluv4xwc-resize-jpeg:700:0.jpeg?lk3s=0ccea506&x-expires=1789646017&x-signature=KxW%2FEv%2FZPm5Tr6qsPRsaR8Hwd3o%3D&x-signature-webp=X0pf3N4Ke%2BpPNRNy7mLKTp4Snh8%3D"", ""https://p16-images-sign-sg.tokopedia-static.net/tos-alisg-i-aphluv4xwc-sg/9b0225eaec684b00915445a816ff3992~tplv-aphluv4xwc-resize-jpeg:700:0.jpeg?lk3s=0ccea506&x-expires=1789646017&x-signature=Z63dV%2BXuCj8ot1r1nJULWKqHUxg%3D&x-signature-webp=ZOE2nrBkGzz8Pd81yQUSW4HGoxw%3D"", ""https://p16-images-sign-sg.tokopedia-static.net/tos-alisg-i-aphluv4xwc-sg/1bad1d2dc25c44f88797cc5dad2f220e~tplv-aphluv4xwc-resize-jpeg:700:0.jpeg?lk3s=0ccea506&x-expires=1789646017&x-signature=avYJt9P47i7tQfeYBx3wb2qPwTw%3D&x-signature-webp=gw6fCLHQeNrvT%2FtnjWPjbUsjnYY%3D""]",Niuva_Product_Images\103343689816\gallery_001.jpg,"[{""title"": ""Kondisi"", ""value"": ""Baru""}, {""title"": ""Pemesanan Minimum"", ""value"": ""1 Buah""}, {""title"": ""Kategori"", ""value"": ""Gantungan Kunci""}, {""title"": ""Etalase"", ""value"": ""Semua Etalase""}]","[{""name"": ""gedung"", ""identifier"": """", ""options"": [{""option_id"": ""2"", ""value"": ""TULT BIRU"", ""hex_color"": """", ""stock"": 5, ""picture_url"": ""https://images.tokopedia.net/img/cache/700/aphluv/1997/1/1/e140811d00c343c3b00983a8d73258b2~.jpeg.webp"", ""picture_url_100"": ""https://images.tokopedia.net/img/cache/150/aphluv/1997/1/1/e140811d00c343c3b00983a8d73258b2~.jpeg""}, {""option_id"": ""3"", ""value"": ""BANDUNG TECHNO PARK"", ""hex_color"": """", ""stock"": 5, ""picture_url"": ""https://images.tokopedia.net/img/cache/700/aphluv/1997/1/1/9b0225eaec684b00915445a816ff3992~.jpeg.webp"", ""picture_url_100"": ""https://images.tokopedia.net/img/cache/150/aphluv/1997/1/1/9b0225eaec684b00915445a816ff3992~.jpeg""}, {""option_id"": ""4"", ""value"": ""TULT ABU"", ""hex_color"": """", ""stock"": 5, ""picture_url"": ""https://images.tokopedia.net/img/cache/700/aphluv/1997/1/1/1bad1d2dc25c44f88797cc5dad2f220e~.jpeg.webp"", ""picture_url_100"": ""https://images.tokopedia.net/img/cache/150/aphluv/1997/1/1/1bad1d2dc25c44f88797cc5dad2f220e~.jpeg""}]}]","[{""product_id"": ""103343689816"", ""product_name"": ""3D PRINT KEYCHAIN GEDUNG TELKOM UNIVERSITY (TULT, BANDUNG TECHNO PARK) - TULT BIRU"", ""product_name_raw"": ""3D PRINT KEYCHAIN GEDUNG TELKOM UNIVERSITY (TULT, BANDUNG TECHNO PARK) - TULT BIRU"", ""product_url"": ""https://www.tokopedia.com/niuvastudio/3d-print-keychain-gedung-telkom-university-tult-bandung-techno-park-1735431958738929418-1735431963114374922"", ""price"": 35200, ""price_payload"": 35200, ""price_fmt"": ""Rp35.200"", ""original_price"": null, ""slash_price_fmt"": """", ""discount_percentage"": 0.0, ""option_ids"": [""2""], ""option_names"": [""TULT BIRU""], ""option_names_raw"": [""TULT BIRU""], ""stock"": 5, ""is_buyable"": true, ""minimum_order"": 1, ""maximum_order"": 5, ""stock_message"": ""Stok tersisa beli segera!"", ""is_cod"": false, ""image_url"": ""https://images.tokopedia.net/img/cache/700/aphluv/1997/1/1/e140811d00c343c3b00983a8d73258b2~.jpeg.webp"", ""image_url_100"": ""https://images.tokopedia.net/img/cache/150/aphluv/1997/1/1/e140811d00c343c3b00983a8d73258b2~.jpeg"", ""is_placeholder"": false, ""status"": ""TERSEDIA""}, {""product_id"": ""103343689817"", ""product_name"": ""3D PRINT KEYCHAIN GEDUNG TELKOM UNIVERSITY (TULT, BANDUNG TECHNO PARK) - BANDUNG TECHNO PARK"", ""product_name_raw"": ""3D PRINT KEYCHAIN GEDUNG TELKOM UNIVERSITY (TULT, BANDUNG TECHNO PARK) - BANDUNG TECHNO PARK"", ""product_url"": ""https://www.tokopedia.com/niuvastudio/3d-print-keychain-gedung-telkom-university-tult-bandung-techno-park-1735431958738929418-1735431963114440458"", ""price"": 30400, ""price_payload"": 30400, ""price_fmt"": ""Rp30.400"", ""original_price"": null, ""slash_price_fmt"": """", ""discount_percentage"": 0.0, ""option_ids"": [""3""], ""option_names"": [""BANDUNG TECHNO PARK""], ""option_names_raw"": [""BANDUNG TECHNO PARK""], ""stock"": 5, ""is_buyable"": true, ""minimum_order"": 1, ""maximum_order"": 5, ""stock_message"": ""Stok tersisa beli segera!"", ""is_cod"": false, ""image_url"": ""https://images.tokopedia.net/img/cache/700/aphluv/1997/1/1/9b0225eaec684b00915445a816ff3992~.jpeg.webp"", ""image_url_100"": ""https://images.tokopedia.net/img/cache/150/aphluv/1997/1/1/9b0225eaec684b00915445a816ff3992~.jpeg"", ""is_placeholder"": false, ""status"": ""TERSEDIA""}, {""product_id"": ""103343689818"", ""product_name"": ""3D PRINT KEYCHAIN GEDUNG TELKOM UNIVERSITY (TULT, BANDUNG TECHNO PARK) - TULT ABU"", ""product_name_raw"": ""3D PRINT KEYCHAIN GEDUNG TELKOM UNIVERSITY (TULT, BANDUNG TECHNO PARK) - TULT ABU"", ""product_url"": ""https://www.tokopedia.com/niuvastudio/3d-print-keychain-gedung-telkom-university-tult-bandung-techno-park-1735431958738929418-1735431963114505994"", ""price"": 30400, ""price_payload"": 30400, ""price_fmt"": ""Rp30.400"", ""original_price"": null, ""slash_price_fmt"": """", ""discount_percentage"": 0.0, ""option_ids"": [""4""], ""option_names"": [""TULT ABU""], ""option_names_raw"": [""TULT ABU""], ""stock"": 5, ""is_buyable"": true, ""minimum_order"": 1, ""maximum_order"": 5, ""stock_message"": ""Stok tersisa beli segera!"", ""is_cod"": false, ""image_url"": ""https://images.tokopedia.net/img/cache/700/aphluv/1997/1/1/1bad1d2dc25c44f88797cc5dad2f220e~.jpeg.webp"", ""image_url_100"": ""https://images.tokopedia.net/img/cache/150/aphluv/1997/1/1/1bad1d2dc25c44f88797cc5dad2f220e~.jpeg"", ""is_placeholder"": false, ""status"": ""TERSEDIA""}]",1,apollo_cache,apollo_cache,2026-09-17T15:53:33+07:00,OK,
103343687481,7494627384206133002,3D Print LEGO Figure Wisudawan Telkom University PLA (Bisa Custom Tali Toga Fakultas),https://www.tokopedia.com/niuvastudio/3d-print-lego-figure-wisudawan-telkom-university-pla-bisa-custom-tali-toga-fakultas-1735433388996069130-1735433427198904074,150000,150000,0,,150000,150000,False,True,2,2,0,,0,,,0,5,0,0,0,0,0,Baru,Action Figure,Mainan & Hobi > Figure > Action Figure,Semua Etalase,0.2,KILOGRAM,1 Buah,"NIUVA STUDIO - Jasa 3D print custom
Niuva Inovasi Utama - Niuva Studio merupakan mitra strategis inovasi dan pengembangan produk. Kami menghadirkan solusi kreatif berbasis riset dari konsultasi untuk menciptakan nilai tambah dan keunggulan yang nyata. Salah satu bentuknya adalah produk berbasis 3D print yang kami tawarkan untuk mengabadikan Special Moments mu!

DETAIL PRODUK :
Material: PLA
Size: 12cm
Layer height : 0.2mm

NOTES :
- tulis fakultas di notes/chat yaa

Jika ada kesalahan pengiriman atau kekurangan barang, silakan hubungi kami dan sertakan video sebagai bukti.
Komplain tanpa bukti video tidak dapat diproses","NIUVA STUDIO - Jasa 3D print custom
Niuva Inovasi Utama - Niuva Studio merupakan mitra strategis inovasi dan pengembangan produk. Kami menghadirkan solusi kreatif berbasis riset dari konsultasi untuk menciptakan nilai tambah dan keunggulan yang nyata. Salah satu bentuknya adalah produk berbasis 3D print yang kami tawarkan untuk mengabadikan Special Moments mu!

DETAIL PRODUK :
Material: PLA
Size: 12cm
Layer height : 0.2mm

NOTES :
- tulis fakultas di notes/chat yaa

Jika ada kesalahan pengiriman atau kekurangan barang, silakan hubungi kami dan sertakan video sebagai bukti.
Komplain tanpa bukti video tidak dapat diproses",3,"[{""section_no"": 1, ""title"": ""DESKRIPSI UMUM"", ""text"": ""NIUVA STUDIO - Jasa 3D print custom\nNiuva Inovasi Utama - Niuva Studio merupakan mitra strategis inovasi dan pengembangan produk. Kami menghadirkan solusi kreatif berbasis riset dari konsultasi untuk menciptakan nilai tambah dan keunggulan yang nyata. Salah satu bentuknya adalah produk berbasis 3D print yang kami tawarkan untuk mengabadikan Special Moments mu!"", ""lines"": [""NIUVA STUDIO - Jasa 3D print custom"", ""Niuva Inovasi Utama - Niuva Studio merupakan mitra strategis inovasi dan pengembangan produk. Kami menghadirkan solusi kreatif berbasis riset dari konsultasi untuk menciptakan nilai tambah dan keunggulan yang nyata. Salah satu bentuknya adalah produk berbasis 3D print yang kami tawarkan untuk mengabadikan Special Moments mu!""], ""bullets"": []}, {""section_no"": 2, ""title"": ""DETAIL PRODUK"", ""text"": ""Material: PLA\nSize: 12cm\nLayer height : 0.2mm"", ""lines"": [""Material: PLA"", ""Size: 12cm"", ""Layer height : 0.2mm""], ""bullets"": []}, {""section_no"": 3, ""title"": ""NOTES"", ""text"": ""- tulis fakultas di notes/chat yaa\nJika ada kesalahan pengiriman atau kekurangan barang, silakan hubungi kami dan sertakan video sebagai bukti.\nKomplain tanpa bukti video tidak dapat diproses"", ""lines"": [""- tulis fakultas di notes/chat yaa"", ""Jika ada kesalahan pengiriman atau kekurangan barang, silakan hubungi kami dan sertakan video sebagai bukti."", ""Komplain tanpa bukti video tidak dapat diproses""], ""bullets"": [""tulis fakultas di notes/chat yaa""]}]",https://p16-images-sign-sg.tokopedia-static.net/tos-alisg-i-aphluv4xwc-sg/36e962fa59734122a5c603bd3b617457~tplv-aphluv4xwc-resize-jpeg:700:0.jpeg?lk3s=0ccea506&x-expires=1789646020&x-signature=UHRS3L9fCzWRI5Mv8TgaUHFfO3E%3D&x-signature-webp=jJ9GvtcNqj70tc60O1kw89b32%2Bw%3D,6,"[""https://p16-images-sign-sg.tokopedia-static.net/tos-alisg-i-aphluv4xwc-sg/36e962fa59734122a5c603bd3b617457~tplv-aphluv4xwc-resize-jpeg:700:0.jpeg?lk3s=0ccea506&x-expires=1789646020&x-signature=UHRS3L9fCzWRI5Mv8TgaUHFfO3E%3D&x-signature-webp=jJ9GvtcNqj70tc60O1kw89b32%2Bw%3D"", ""https://p16-images-sign-sg.tokopedia-static.net/tos-alisg-i-aphluv4xwc-sg/81a7fb788e4146f5b2340e5a7c7c43f7~tplv-aphluv4xwc-resize-jpeg:700:0.jpeg?lk3s=0ccea506&x-expires=1789646020&x-signature=lZeu7C6aK4bjBLGWFDddFFeg%2BFE%3D&x-signature-webp=gix3sHTEbgot1YYcvt94uit46iI%3D"", ""https://p16-images-sign-sg.tokopedia-static.net/tos-alisg-i-aphluv4xwc-sg/632c63c42ca44b858f25d82ec9d7ce60~tplv-aphluv4xwc-resize-jpeg:700:0.jpeg?lk3s=0ccea506&x-expires=1789646020&x-signature=Bw6teuiMfsmK8NMVjTyt1GTactg%3D&x-signature-webp=0LskqGPE25qB4cwFNGQRqhZ6taw%3D"", ""https://p16-images-sign-sg.tokopedia-static.net/tos-alisg-i-aphluv4xwc-sg/5bb6e96ad0374e8bbaf0f13fd15e4534~tplv-aphluv4xwc-resize-jpeg:700:0.jpeg?lk3s=0ccea506&x-expires=1789646020&x-signature=EbWMLrqpMLGpORahKe1%2BLiUMzpQ%3D&x-signature-webp=BOUrY8Dpq2ukJK3Gv3IRSrvaY6w%3D"", ""https://p16-images-sign-sg.tokopedia-static.net/tos-alisg-i-aphluv4xwc-sg/66488a928e8042519c6676d816cd6471~tplv-aphluv4xwc-resize-jpeg:700:0.jpeg?lk3s=0ccea506&x-expires=1789646020&x-signature=cUuAAydx2LaOua2pACovM4Niidc%3D&x-signature-webp=B4Qu18bZe0QvxPAVUNzVpLn2oGw%3D"", ""https://p16-images-sign-sg.tokopedia-static.net/tos-alisg-i-aphluv4xwc-sg/1754b3fc687d4f4b9dfdc746f39386bc~tplv-aphluv4xwc-resize-jpeg:700:0.jpeg?lk3s=0ccea506&x-expires=1789646020&x-signature=XmHZ2xT17HsceQ6arKyjq0e27cU%3D&x-signature-webp=pzPaLXx6iWy2%2BbM1mwe4LrZI5wc%3D""]",Niuva_Product_Images\103343687481\gallery_001.jpg,"[{""title"": ""Kondisi"", ""value"": ""Baru""}, {""title"": ""Pemesanan Minimum"", ""value"": ""1 Buah""}, {""title"": ""Kategori"", ""value"": ""Action Figure""}, {""title"": ""Etalase"", ""value"": ""Semua Etalase""}]","[{""name"": ""gender"", ""identifier"": """", ""options"": [{""option_id"": ""2"", ""value"": ""PEREMPUAN"", ""hex_color"": """", ""stock"": 5, ""picture_url"": ""https://images.tokopedia.net/img/cache/700/aphluv/1997/1/1/66488a928e8042519c6676d816cd6471~.jpeg.webp"", ""picture_url_100"": ""https://images.tokopedia.net/img/cache/150/aphluv/1997/1/1/66488a928e8042519c6676d816cd6471~.jpeg""}, {""option_id"": ""3"", ""value"": ""LAKI LAKI"", ""hex_color"": """", ""stock"": 5, ""picture_url"": ""https://images.tokopedia.net/img/cache/700/aphluv/1997/1/1/1754b3fc687d4f4b9dfdc746f39386bc~.jpeg.webp"", ""picture_url_100"": ""https://images.tokopedia.net/img/cache/150/aphluv/1997/1/1/1754b3fc687d4f4b9dfdc746f39386bc~.jpeg""}]}]","[{""product_id"": ""103343687481"", ""product_name"": ""3D Print LEGO Figure Wisudawan Telkom University PLA (Bisa Custom Tali Toga Fakultas) - PEREMPUAN"", ""product_name_raw"": ""3D Print LEGO Figure Wisudawan Telkom University PLA (Bisa Custom Tali Toga Fakultas) - PEREMPUAN"", ""product_url"": ""https://www.tokopedia.com/niuvastudio/3d-print-lego-figure-wisudawan-telkom-university-pla-bisa-custom-tali-toga-fakultas-1735433388996069130-1735433427198904074"", ""price"": 150000, ""price_payload"": 150000, ""price_fmt"": ""Rp150.000"", ""original_price"": null, ""slash_price_fmt"": """", ""discount_percentage"": 0.0, ""option_ids"": [""2""], ""option_names"": [""PEREMPUAN""], ""option_names_raw"": [""PEREMPUAN""], ""stock"": 5, ""is_buyable"": true, ""minimum_order"": 1, ""maximum_order"": 5, ""stock_message"": ""Stok tersisa beli segera!"", ""is_cod"": false, ""image_url"": ""https://images.tokopedia.net/img/cache/700/aphluv/1997/1/1/66488a928e8042519c6676d816cd6471~.jpeg.webp"", ""image_url_100"": ""https://images.tokopedia.net/img/cache/150/aphluv/1997/1/1/66488a928e8042519c6676d816cd6471~.jpeg"", ""is_placeholder"": false, ""status"": ""TERSEDIA""}, {""product_id"": ""103343687482"", ""product_name"": ""3D Print LEGO Figure Wisudawan Telkom University PLA (Bisa Custom Tali Toga Fakultas) - LAKI LAKI"", ""product_name_raw"": ""3D Print LEGO Figure Wisudawan Telkom University PLA (Bisa Custom Tali Toga Fakultas) - LAKI LAKI"", ""product_url"": ""https://www.tokopedia.com/niuvastudio/3d-print-lego-figure-wisudawan-telkom-university-pla-bisa-custom-tali-toga-fakultas-1735433388996069130-1735433427198969610"", ""price"": 150000, ""price_payload"": 150000, ""price_fmt"": ""Rp150.000"", ""original_price"": null, ""slash_price_fmt"": """", ""discount_percentage"": 0.0, ""option_ids"": [""3""], ""option_names"": [""LAKI LAKI""], ""option_names_raw"": [""LAKI LAKI""], ""stock"": 5, ""is_buyable"": true, ""minimum_order"": 1, ""maximum_order"": 5, ""stock_message"": ""Stok tersisa beli segera!"", ""is_cod"": false, ""image_url"": ""https://images.tokopedia.net/img/cache/700/aphluv/1997/1/1/1754b3fc687d4f4b9dfdc746f39386bc~.jpeg.webp"", ""image_url_100"": ""https://images.tokopedia.net/img/cache/150/aphluv/1997/1/1/1754b3fc687d4f4b9dfdc746f39386bc~.jpeg"", ""is_placeholder"": false, ""status"": ""TERSEDIA""}]",1,apollo_cache,apollo_cache,2026-09-17T15:53:36+07:00,OK,
103342790916,7494627384206133002,3D PRINT KEYCHAIN ANIMAL TELKOM UNIVERSITY,https://www.tokopedia.com/niuvastudio/3d-print-keychain-animal-telkom-university-1735431904246466314-1735431958441002762,20000,20000,0,,20000,20000,False,True,5,5,0,,0,,,0,5,0,0,0,0,0,Baru,Gantungan Kunci,Perlengkapan Pesta > Hadiah > Gantungan Kunci,Semua Etalase,0.2,KILOGRAM,1 Buah,"NIUVA STUDIO – Jasa 3D print custom
Niuva Inovasi Utama – Niuva Studio merupakan mitra strategis inovasi dan pengembangan produk. Kami menghadirkan solusi kreatif berbasis riset dari konsultasi untuk menciptakan nilai tambah dan keunggulan yang nyata. Salah satu bentuknya adalah produk berbasis 3D print yang kami tawarkan untuk mengabadikan Special Moments mu!

DETAIL PRODUK :
Material : PLA
Size: 8cm
Layer height : 0.2mm

Jika ada kesalahan pengiriman atau kekurangan barang, silakan hubungi kami dan sertakan video sebagai bukti. Komplain tanpa bukti video tidak dapat diproses","NIUVA STUDIO – Jasa 3D print custom
Niuva Inovasi Utama – Niuva Studio merupakan mitra strategis inovasi dan pengembangan produk. Kami menghadirkan solusi kreatif berbasis riset dari konsultasi untuk menciptakan nilai tambah dan keunggulan yang nyata. Salah satu bentuknya adalah produk berbasis 3D print yang kami tawarkan untuk mengabadikan Special Moments mu!

DETAIL PRODUK :
Material : PLA
Size: 8cm
Layer height : 0.2mm

Jika ada kesalahan pengiriman atau kekurangan barang, silakan hubungi kami dan sertakan video sebagai bukti. Komplain tanpa bukti video tidak dapat diproses",2,"[{""section_no"": 1, ""title"": ""DESKRIPSI UMUM"", ""text"": ""NIUVA STUDIO – Jasa 3D print custom\nNiuva Inovasi Utama – Niuva Studio merupakan mitra strategis inovasi dan pengembangan produk. Kami menghadirkan solusi kreatif berbasis riset dari konsultasi untuk menciptakan nilai tambah dan keunggulan yang nyata. Salah satu bentuknya adalah produk berbasis 3D print yang kami tawarkan untuk mengabadikan Special Moments mu!"", ""lines"": [""NIUVA STUDIO – Jasa 3D print custom"", ""Niuva Inovasi Utama – Niuva Studio merupakan mitra strategis inovasi dan pengembangan produk. Kami menghadirkan solusi kreatif berbasis riset dari konsultasi untuk menciptakan nilai tambah dan keunggulan yang nyata. Salah satu bentuknya adalah produk berbasis 3D print yang kami tawarkan untuk mengabadikan Special Moments mu!""], ""bullets"": []}, {""section_no"": 2, ""title"": ""DETAIL PRODUK"", ""text"": ""Material : PLA\nSize: 8cm\nLayer height : 0.2mm\nJika ada kesalahan pengiriman atau kekurangan barang, silakan hubungi kami dan sertakan video sebagai bukti. Komplain tanpa bukti video tidak dapat diproses"", ""lines"": [""Material : PLA"", ""Size: 8cm"", ""Layer height : 0.2mm"", ""Jika ada kesalahan pengiriman atau kekurangan barang, silakan hubungi kami dan sertakan video sebagai bukti. Komplain tanpa bukti video tidak dapat diproses""], ""bullets"": []}]",https://p16-images-sign-sg.tokopedia-static.net/tos-alisg-i-aphluv4xwc-sg/805d27da245d458883c5089b8f2cf1fc~tplv-aphluv4xwc-resize-jpeg:700:0.jpeg?lk3s=0ccea506&x-expires=1789646024&x-signature=Tbv3SzY4pEdpnKY%2F%2FAHiLk2OUxo%3D&x-signature-webp=x6%2FYKs%2B1jqrgT0fxT6dete4Neio%3D,12,"[""https://p16-images-sign-sg.tokopedia-static.net/tos-alisg-i-aphluv4xwc-sg/805d27da245d458883c5089b8f2cf1fc~tplv-aphluv4xwc-resize-jpeg:700:0.jpeg?lk3s=0ccea506&x-expires=1789646024&x-signature=Tbv3SzY4pEdpnKY%2F%2FAHiLk2OUxo%3D&x-signature-webp=x6%2FYKs%2B1jqrgT0fxT6dete4Neio%3D"", ""https://p16-images-sign-sg.tokopedia-static.net/tos-alisg-i-aphluv4xwc-sg/d43539d7a5384fcebdc259d5f206ccc8~tplv-aphluv4xwc-resize-jpeg:700:0.jpeg?lk3s=0ccea506&x-expires=1789646024&x-signature=NCgs4BPRULa9SVHE4XymMNM6gQ8%3D&x-signature-webp=ck0EXTnn44e4OyL8z%2BZTYVixgHs%3D"", ""https://p16-images-sign-sg.tokopedia-static.net/tos-alisg-i-aphluv4xwc-sg/1ef728ec8f8b4f74a86d3869e1ce1f27~tplv-aphluv4xwc-resize-jpeg:700:0.jpeg?lk3s=0ccea506&x-expires=1789646024&x-signature=BMPKDGFuGiYnf6Ka%2FNYc8%2BZ5l9E%3D&x-signature-webp=C1Tj%2FldGi9dN9a%2FVhgBRmIoNEBg%3D"", ""https://p16-images-sign-sg.tokopedia-static.net/tos-alisg-i-aphluv4xwc-sg/4b21de2dd1b44f93a8cc4bd0b8760f22~tplv-aphluv4xwc-resize-jpeg:700:0.jpeg?lk3s=0ccea506&x-expires=1789646024&x-signature=71x%2F%2BHY0Gc%2FMvDt0EcH4yMNk5T4%3D&x-signature-webp=uY926%2FVTfX5Itg4rOIdR%2BVQIpIM%3D"", ""https://p16-images-sign-sg.tokopedia-static.net/tos-alisg-i-aphluv4xwc-sg/b45228aee24a42d296d6784e0de8ad60~tplv-aphluv4xwc-resize-jpeg:700:0.jpeg?lk3s=0ccea506&x-expires=1789646024&x-signature=RBB33UQkJouuV3trfY8ZLAVEM4E%3D&x-signature-webp=YPYb3jSntbW%2BK1PDNNPxVfTw4ww%3D"", ""https://p19-images-sign-sg.tokopedia-static.net/tos-alisg-i-aphluv4xwc-sg/3a97d8cff33f4afab7a92750c6ea97bd~tplv-aphluv4xwc-resize-jpeg:700:0.jpeg?lk3s=0ccea506&x-expires=1789646024&x-signature=4qN%2B2zzlw72Ly%2BzwEIvAp3X1nt0%3D&x-signature-webp=JyNfnN3CzJgWJGn2c3EejbVQzgU%3D"", ""https://p16-images-sign-sg.tokopedia-static.net/tos-alisg-i-aphluv4xwc-sg/282694eb40374192b9e194c520c91b0d~tplv-aphluv4xwc-resize-jpeg:700:0.jpeg?lk3s=0ccea506&x-expires=1789646024&x-signature=pz36nJZN%2FLELk8U5vRHRYeifCu8%3D&x-signature-webp=wBbAZHUdxRT8lKa%2B4eVlOC9q6Z4%3D"", ""https://p19-images-sign-sg.tokopedia-static.net/tos-alisg-i-aphluv4xwc-sg/5806fc2a7e6c448b87838e59e75f1929~tplv-aphluv4xwc-resize-jpeg:700:0.jpeg?lk3s=0ccea506&x-expires=1789646024&x-signature=HtpS%2BJcNmXMU3cLWQorpBDxNA%2Bc%3D&x-signature-webp=%2BcrXy0adH1s6DDunjvNXQtHo6V8%3D"", ""https://p16-images-sign-sg.tokopedia-static.net/tos-alisg-i-aphluv4xwc-sg/01c44a71ca8d4f43999a6e8fa94f0724~tplv-aphluv4xwc-resize-jpeg:700:0.jpeg?lk3s=0ccea506&x-expires=1789646024&x-signature=s3XpZJFXR2zBwZizMgnLKyrYWNw%3D&x-signature-webp=IUbEhRgmlsIqC7y3F4eFSYZ0HMo%3D"", ""https://p16-images-sign-sg.tokopedia-static.net/tos-alisg-i-aphluv4xwc-sg/17559de5f5f846daa12442c61d6f21c9~tplv-aphluv4xwc-resize-jpeg:700:0.jpeg?lk3s=0ccea506&x-expires=1789646024&x-signature=P1WWhj4g85KoTql%2BIF1uywv7ef0%3D&x-signature-webp=UBhM50sYzZWs%2F0KGoN%2FyAWCboQY%3D"", ""https://p16-images-sign-sg.tokopedia-static.net/tos-alisg-i-aphluv4xwc-sg/1e5c62974cfe4f06848cd22418272c87~tplv-aphluv4xwc-resize-jpeg:700:0.jpeg?lk3s=0ccea506&x-expires=1789646024&x-signature=bS0uKvQG9446EsvLtwNd6dwIBsI%3D&x-signature-webp=41X68TO8cz8oodz8gu5TIW088T4%3D"", ""https://p16-images-sign-sg.tokopedia-static.net/tos-alisg-i-aphluv4xwc-sg/3de569aff3154f90840bf0a9ecfb4ff9~tplv-aphluv4xwc-resize-jpeg:700:0.jpeg?lk3s=0ccea506&x-expires=1789646024&x-signature=5sKpH73qCtr7ic7Tsob7iE1gpPM%3D&x-signature-webp=6jzUOQ5ggjoEeD7P8glx4kZ%2F0ac%3D""]",Niuva_Product_Images\103342790916\gallery_001.jpg,"[{""title"": ""Kondisi"", ""value"": ""Baru""}, {""title"": ""Pemesanan Minimum"", ""value"": ""1 Buah""}, {""title"": ""Kategori"", ""value"": ""Gantungan Kunci""}, {""title"": ""Etalase"", ""value"": ""Semua Etalase""}]","[{""name"": ""animal mascot"", ""identifier"": """", ""options"": [{""option_id"": ""2"", ""value"": ""soang baju merah"", ""hex_color"": """", ""stock"": 5, ""picture_url"": ""https://images.tokopedia.net/img/cache/700/aphluv/1997/1/1/5806fc2a7e6c448b87838e59e75f1929~.jpeg.webp"", ""picture_url_100"": ""https://images.tokopedia.net/img/cache/150/aphluv/1997/1/1/5806fc2a7e6c448b87838e59e75f1929~.jpeg""}, {""option_id"": ""3"", ""value"": ""soang baju putih"", ""hex_color"": """", ""stock"": 5, ""picture_url"": ""https://images.tokopedia.net/img/cache/700/aphluv/1997/1/1/01c44a71ca8d4f43999a6e8fa94f0724~.jpeg.webp"", ""picture_url_100"": ""https://images.tokopedia.net/img/cache/150/aphluv/1997/1/1/01c44a71ca8d4f43999a6e8fa94f0724~.jpeg""}, {""option_id"": ""4"", ""value"": ""maung wisuda"", ""hex_color"": """", ""stock"": 5, ""picture_url"": ""https://images.tokopedia.net/img/cache/700/aphluv/1997/1/1/17559de5f5f846daa12442c61d6f21c9~.jpeg.webp"", ""picture_url_100"": ""https://images.tokopedia.net/img/cache/150/aphluv/1997/1/1/17559de5f5f846daa12442c61d6f21c9~.jpeg""}, {""option_id"": ""5"", ""value"": ""galih"", ""hex_color"": """", ""stock"": 5, ""picture_url"": ""https://images.tokopedia.net/img/cache/700/aphluv/1997/1/1/1e5c62974cfe4f06848cd22418272c87~.jpeg.webp"", ""picture_url_100"": ""https://images.tokopedia.net/img/cache/150/aphluv/1997/1/1/1e5c62974cfe4f06848cd22418272c87~.jpeg""}, {""option_id"": ""6"", ""value"": ""merak"", ""hex_color"": """", ""stock"": 5, ""picture_url"": ""https://images.tokopedia.net/img/cache/700/aphluv/1997/1/1/3de569aff3154f90840bf0a9ecfb4ff9~.jpeg.webp"", ""picture_url_100"": ""https://images.tokopedia.net/img/cache/150/aphluv/1997/1/1/3de569aff3154f90840bf0a9ecfb4ff9~.jpeg""}]}]","[{""product_id"": ""103342790916"", ""product_name"": ""3D PRINT KEYCHAIN ANIMAL TELKOM UNIVERSITY - soang baju merah"", ""product_name_raw"": ""3D PRINT KEYCHAIN ANIMAL TELKOM UNIVERSITY - soang baju merah"", ""product_url"": ""https://www.tokopedia.com/niuvastudio/3d-print-keychain-animal-telkom-university-1735431904246466314-1735431958441002762"", ""price"": 20000, ""price_payload"": 20000, ""price_fmt"": ""Rp20.000"", ""original_price"": null, ""slash_price_fmt"": """", ""discount_percentage"": 0.0, ""option_ids"": [""2""], ""option_names"": [""soang baju merah""], ""option_names_raw"": [""soang baju merah""], ""stock"": 5, ""is_buyable"": true, ""minimum_order"": 1, ""maximum_order"": 5, ""stock_message"": ""Stok tersisa beli segera!"", ""is_cod"": false, ""image_url"": ""https://images.tokopedia.net/img/cache/700/aphluv/1997/1/1/5806fc2a7e6c448b87838e59e75f1929~.jpeg.webp"", ""image_url_100"": ""https://images.tokopedia.net/img/cache/150/aphluv/1997/1/1/5806fc2a7e6c448b87838e59e75f1929~.jpeg"", ""is_placeholder"": false, ""status"": ""TERSEDIA""}, {""product_id"": ""103342790917"", ""product_name"": ""3D PRINT KEYCHAIN ANIMAL TELKOM UNIVERSITY - soang baju putih"", ""product_name_raw"": ""3D PRINT KEYCHAIN ANIMAL TELKOM UNIVERSITY - soang baju putih"", ""product_url"": ""https://www.tokopedia.com/niuvastudio/3d-print-keychain-animal-telkom-university-1735431904246466314-1735431958441068298"", ""price"": 20000, ""price_payload"": 20000, ""price_fmt"": ""Rp20.000"", ""original_price"": null, ""slash_price_fmt"": """", ""discount_percentage"": 0.0, ""option_ids"": [""3""], ""option_names"": [""soang baju putih""], ""option_names_raw"": [""soang baju putih""], ""stock"": 5, ""is_buyable"": true, ""minimum_order"": 1, ""maximum_order"": 5, ""stock_message"": ""Stok tersisa beli segera!"", ""is_cod"": false, ""image_url"": ""https://images.tokopedia.net/img/cache/700/aphluv/1997/1/1/01c44a71ca8d4f43999a6e8fa94f0724~.jpeg.webp"", ""image_url_100"": ""https://images.tokopedia.net/img/cache/150/aphluv/1997/1/1/01c44a71ca8d4f43999a6e8fa94f0724~.jpeg"", ""is_placeholder"": false, ""status"": ""TERSEDIA""}, {""product_id"": ""103342790918"", ""product_name"": ""3D PRINT KEYCHAIN ANIMAL TELKOM UNIVERSITY - maung wisuda"", ""product_name_raw"": ""3D PRINT KEYCHAIN ANIMAL TELKOM UNIVERSITY - maung wisuda"", ""product_url"": ""https://www.tokopedia.com/niuvastudio/3d-print-keychain-animal-telkom-university-1735431904246466314-1735431958441133834"", ""price"": 20000, ""price_payload"": 20000, ""price_fmt"": ""Rp20.000"", ""original_price"": null, ""slash_price_fmt"": """", ""discount_percentage"": 0.0, ""option_ids"": [""4""], ""option_names"": [""maung wisuda""], ""option_names_raw"": [""maung wisuda""], ""stock"": 5, ""is_buyable"": true, ""minimum_order"": 1, ""maximum_order"": 5, ""stock_message"": ""Stok tersisa beli segera!"", ""is_cod"": false, ""image_url"": ""https://images.tokopedia.net/img/cache/700/aphluv/1997/1/1/17559de5f5f846daa12442c61d6f21c9~.jpeg.webp"", ""image_url_100"": ""https://images.tokopedia.net/img/cache/150/aphluv/1997/1/1/17559de5f5f846daa12442c61d6f21c9~.jpeg"", ""is_placeholder"": false, ""status"": ""TERSEDIA""}, {""product_id"": ""103342790919"", ""product_name"": ""3D PRINT KEYCHAIN ANIMAL TELKOM UNIVERSITY - galih"", ""product_name_raw"": ""3D PRINT KEYCHAIN ANIMAL TELKOM UNIVERSITY - galih"", ""product_url"": ""https://www.tokopedia.com/niuvastudio/3d-print-keychain-animal-telkom-university-1735431904246466314-1735431958441199370"", ""price"": 20000, ""price_payload"": 20000, ""price_fmt"": ""Rp20.000"", ""original_price"": null, ""slash_price_fmt"": """", ""discount_percentage"": 0.0, ""option_ids"": [""5""], ""option_names"": [""galih""], ""option_names_raw"": [""galih""], ""stock"": 5, ""is_buyable"": true, ""minimum_order"": 1, ""maximum_order"": 5, ""stock_message"": ""Stok tersisa beli segera!"", ""is_cod"": false, ""image_url"": ""https://images.tokopedia.net/img/cache/700/aphluv/1997/1/1/1e5c62974cfe4f06848cd22418272c87~.jpeg.webp"", ""image_url_100"": ""https://images.tokopedia.net/img/cache/150/aphluv/1997/1/1/1e5c62974cfe4f06848cd22418272c87~.jpeg"", ""is_placeholder"": false, ""status"": ""TERSEDIA""}, {""product_id"": ""103342790920"", ""product_name"": ""3D PRINT KEYCHAIN ANIMAL TELKOM UNIVERSITY - merak"", ""product_name_raw"": ""3D PRINT KEYCHAIN ANIMAL TELKOM UNIVERSITY - merak"", ""product_url"": ""https://www.tokopedia.com/niuvastudio/3d-print-keychain-animal-telkom-university-1735431904246466314-1735431958441264906"", ""price"": 20000, ""price_payload"": 20000, ""price_fmt"": ""Rp20.000"", ""original_price"": null, ""slash_price_fmt"": """", ""discount_percentage"": 0.0, ""option_ids"": [""6""], ""option_names"": [""merak""], ""option_names_raw"": [""merak""], ""stock"": 5, ""is_buyable"": true, ""minimum_order"": 1, ""maximum_order"": 5, ""stock_message"": ""Stok tersisa beli segera!"", ""is_cod"": false, ""image_url"": ""https://images.tokopedia.net/img/cache/700/aphluv/1997/1/1/3de569aff3154f90840bf0a9ecfb4ff9~.jpeg.webp"", ""image_url_100"": ""https://images.tokopedia.net/img/cache/150/aphluv/1997/1/1/3de569aff3154f90840bf0a9ecfb4ff9~.jpeg"", ""is_placeholder"": false, ""status"": ""TERSEDIA""}]",1,apollo_cache,apollo_cache,2026-09-17T15:53:42+07:00,OK,
103340568955,7494627384206133002,"3D PRINT CUSTOM FIGURE SPECIAL MOMENTS (Newborn, weddings, birthday, dll)",https://www.tokopedia.com/niuvastudio/3d-print-custom-figure-special-moments-newborn-weddings-birthday-dll-1735422370974500618-1735423689722922762,35200,35200,0,,35200,124800,True,True,2,2,0,,0,,,0,5,0,0,0,0,0,Baru,Figure Set,Mainan & Hobi > Figure > Figure Set,Semua Etalase,0.2,KILOGRAM,1 Buah,"NIUVA STUDIO – Jasa 3D print custom
Niuva Inovasi Utama – Niuva Studio merupakan mitra strategis inovasi dan pengembangan produk. Kami menghadirkan solusi kreatif berbasis riset dari konsultasi untuk menciptakan nilai tambah dan keunggulan yang nyata. Salah satu bentuknya adalah produk berbasis 3D print yang kami tawarkan untuk mengabadikan Special Moments mu!

DETAIL PRODUK :
Material : PLA
Size: 12cm
Layer height : 0.2mm

WAKTU PRODUKSI :
Estimasi penyelesaian mengikuti durasi printing dan kondisi antrian produksi.
NOTE :
- Pastikan file dapat di buka dan tidak error (png, JPEG, STP)
- Maksimal revisi adalah sebelum masuk masa cetak
- Warna dilakukan secara manual menggunakan cat akrilik
- Ketika menerima paket, mohon rekam proses saat membuka paket.

Jika ada kesalahan pengiriman atau kekurangan barang, silakan hubungi kami dan sertakan video sebagai bukti. Komplain tanpa bukti video tidak dapat diproses.

TERMS & CONDITION :
- Pose atau gaya bisa disesuaikan dengan foto referensi
- Desain yang sudah fix dan sudah memasuki - - tahap cetak tidak bisa revisi lagi.
Finishing menggunakan hand painting","NIUVA STUDIO – Jasa 3D print custom
Niuva Inovasi Utama – Niuva Studio merupakan mitra strategis inovasi dan pengembangan produk. Kami menghadirkan solusi kreatif berbasis riset dari konsultasi untuk menciptakan nilai tambah dan keunggulan yang nyata. Salah satu bentuknya adalah produk berbasis 3D print yang kami tawarkan untuk mengabadikan Special Moments mu!

DETAIL PRODUK :
Material : PLA
Size: 12cm
Layer height : 0.2mm

WAKTU PRODUKSI :
Estimasi penyelesaian mengikuti durasi printing dan kondisi antrian produksi.
NOTE :
- Pastikan file dapat di buka dan tidak error (png, JPEG, STP)
- Maksimal revisi adalah sebelum masuk masa cetak
- Warna dilakukan secara manual menggunakan cat akrilik
- Ketika menerima paket, mohon rekam proses saat membuka paket.

Jika ada kesalahan pengiriman atau kekurangan barang, silakan hubungi kami dan sertakan video sebagai bukti. Komplain tanpa bukti video tidak dapat diproses.

TERMS & CONDITION :
- Pose atau gaya bisa disesuaikan dengan foto referensi
- Desain yang sudah fix dan sudah memasuki - - tahap cetak tidak bisa revisi lagi.
Finishing menggunakan hand painting",5,"[{""section_no"": 1, ""title"": ""DESKRIPSI UMUM"", ""text"": ""NIUVA STUDIO – Jasa 3D print custom\nNiuva Inovasi Utama – Niuva Studio merupakan mitra strategis inovasi dan pengembangan produk. Kami menghadirkan solusi kreatif berbasis riset dari konsultasi untuk menciptakan nilai tambah dan keunggulan yang nyata. Salah satu bentuknya adalah produk berbasis 3D print yang kami tawarkan untuk mengabadikan Special Moments mu!"", ""lines"": [""NIUVA STUDIO – Jasa 3D print custom"", ""Niuva Inovasi Utama – Niuva Studio merupakan mitra strategis inovasi dan pengembangan produk. Kami menghadirkan solusi kreatif berbasis riset dari konsultasi untuk menciptakan nilai tambah dan keunggulan yang nyata. Salah satu bentuknya adalah produk berbasis 3D print yang kami tawarkan untuk mengabadikan Special Moments mu!""], ""bullets"": []}, {""section_no"": 2, ""title"": ""DETAIL PRODUK"", ""text"": ""Material : PLA\nSize: 12cm\nLayer height : 0.2mm"", ""lines"": [""Material : PLA"", ""Size: 12cm"", ""Layer height : 0.2mm""], ""bullets"": []}, {""section_no"": 3, ""title"": ""WAKTU PRODUKSI"", ""text"": ""Estimasi penyelesaian mengikuti durasi printing dan kondisi antrian produksi."", ""lines"": [""Estimasi penyelesaian mengikuti durasi printing dan kondisi antrian produksi.""], ""bullets"": []}, {""section_no"": 4, ""title"": ""NOTE"", ""text"": ""- Pastikan file dapat di buka dan tidak error (png, JPEG, STP)\n- Maksimal revisi adalah sebelum masuk masa cetak\n- Warna dilakukan secara manual menggunakan cat akrilik\n- Ketika menerima paket, mohon rekam proses saat membuka paket.\nJika ada kesalahan pengiriman atau kekurangan barang, silakan hubungi kami dan sertakan video sebagai bukti. Komplain tanpa bukti video tidak dapat diproses."", ""lines"": [""- Pastikan file dapat di buka dan tidak error (png, JPEG, STP)"", ""- Maksimal revisi adalah sebelum masuk masa cetak"", ""- Warna dilakukan secara manual menggunakan cat akrilik"", ""- Ketika menerima paket, mohon rekam proses saat membuka paket."", ""Jika ada kesalahan pengiriman atau kekurangan barang, silakan hubungi kami dan sertakan video sebagai bukti. Komplain tanpa bukti video tidak dapat diproses.""], ""bullets"": [""Pastikan file dapat di buka dan tidak error (png, JPEG, STP)"", ""Maksimal revisi adalah sebelum masuk masa cetak"", ""Warna dilakukan secara manual menggunakan cat akrilik"", ""Ketika menerima paket, mohon rekam proses saat membuka paket.""]}, {""section_no"": 5, ""title"": ""TERMS & CONDITION"", ""text"": ""- Pose atau gaya bisa disesuaikan dengan foto referensi\n- Desain yang sudah fix dan sudah memasuki - - tahap cetak tidak bisa revisi lagi.\nFinishing menggunakan hand painting"", ""lines"": [""- Pose atau gaya bisa disesuaikan dengan foto referensi"", ""- Desain yang sudah fix dan sudah memasuki - - tahap cetak tidak bisa revisi lagi."", ""Finishing menggunakan hand painting""], ""bullets"": [""Pose atau gaya bisa disesuaikan dengan foto referensi"", ""Desain yang sudah fix dan sudah memasuki - - tahap cetak tidak bisa revisi lagi.""]}]",https://p16-images-sign-sg.tokopedia-static.net/tos-alisg-i-aphluv4xwc-sg/f2998fb257e94aa18a47108f1861705e~tplv-aphluv4xwc-resize-jpeg:700:0.jpeg?lk3s=0ccea506&x-expires=1789646029&x-signature=Efci3BJtcP1Nh8%2F41pcOhqiXuIE%3D&x-signature-webp=YMLls2p9Rh%2B8LkdlWOHSZPfXazk%3D,3,"[""https://p16-images-sign-sg.tokopedia-static.net/tos-alisg-i-aphluv4xwc-sg/f2998fb257e94aa18a47108f1861705e~tplv-aphluv4xwc-resize-jpeg:700:0.jpeg?lk3s=0ccea506&x-expires=1789646029&x-signature=Efci3BJtcP1Nh8%2F41pcOhqiXuIE%3D&x-signature-webp=YMLls2p9Rh%2B8LkdlWOHSZPfXazk%3D"", ""https://p16-images-sign-sg.tokopedia-static.net/tos-alisg-i-aphluv4xwc-sg/e40ad8327867413a91371d97d5907a87~tplv-aphluv4xwc-resize-jpeg:700:0.jpeg?lk3s=0ccea506&x-expires=1789646029&x-signature=Dkf9Gkw4AxdKLRM0Xj4U%2FDJ9HOY%3D&x-signature-webp=PeyEebN5r1EI9Ivoz14wZs3F1v0%3D"", ""https://p16-images-sign-sg.tokopedia-static.net/tos-alisg-i-aphluv4xwc-sg/6b23678b76a348f5ad2c9cb33895723a~tplv-aphluv4xwc-resize-jpeg:700:0.jpeg?lk3s=0ccea506&x-expires=1789646029&x-signature=Xd2mVZHSwsaoWFzptDfGC3JldGQ%3D&x-signature-webp=zKd5ebneXXRuS9qC1lztMv9kpzU%3D""]",Niuva_Product_Images\103340568955\gallery_001.jpg,"[{""title"": ""Kondisi"", ""value"": ""Baru""}, {""title"": ""Pemesanan Minimum"", ""value"": ""1 Buah""}, {""title"": ""Kategori"", ""value"": ""Figure Set""}, {""title"": ""Etalase"", ""value"": ""Semua Etalase""}]","[{""name"": ""finishing"", ""identifier"": """", ""options"": [{""option_id"": ""2"", ""value"": ""NO COLOUR"", ""hex_color"": """", ""stock"": 5, ""picture_url"": """", ""picture_url_100"": """"}, {""option_id"": ""3"", ""value"": ""COLOUR (Acrylic hand painting)"", ""hex_color"": """", ""stock"": 5, ""picture_url"": """", ""picture_url_100"": """"}]}]","[{""product_id"": ""103340568955"", ""product_name"": ""3D PRINT CUSTOM FIGURE SPECIAL MOMENTS (Newborn, weddings, birthday, dll) - NO COLOUR"", ""product_name_raw"": ""3D PRINT CUSTOM FIGURE SPECIAL MOMENTS (Newborn, weddings, birthday, dll) - NO COLOUR"", ""product_url"": ""https://www.tokopedia.com/niuvastudio/3d-print-custom-figure-special-moments-newborn-weddings-birthday-dll-1735422370974500618-1735423689722922762"", ""price"": 35200, ""price_payload"": 35200, ""price_fmt"": ""Rp35.200"", ""original_price"": null, ""slash_price_fmt"": """", ""discount_percentage"": 0.0, ""option_ids"": [""2""], ""option_names"": [""NO COLOUR""], ""option_names_raw"": [""NO COLOUR""], ""stock"": 5, ""is_buyable"": true, ""minimum_order"": 1, ""maximum_order"": 5, ""stock_message"": ""Stok tersisa beli segera!"", ""is_cod"": false, ""image_url"": ""https://images.tokopedia.net/img/cache/700/aphluv/1997/1/1/f2998fb257e94aa18a47108f1861705e~.jpeg.webp"", ""image_url_100"": ""https://images.tokopedia.net/img/cache/150/aphluv/1997/1/1/f2998fb257e94aa18a47108f1861705e~.jpeg"", ""is_placeholder"": false, ""status"": ""TERSEDIA""}, {""product_id"": ""103340568956"", ""product_name"": ""3D PRINT CUSTOM FIGURE SPECIAL MOMENTS (Newborn, weddings, birthday, dll) - COLOUR (Acrylic hand painting)"", ""product_name_raw"": ""3D PRINT CUSTOM FIGURE SPECIAL MOMENTS (Newborn, weddings, birthday, dll) - COLOUR (Acrylic hand painting)"", ""product_url"": ""https://www.tokopedia.com/niuvastudio/3d-print-custom-figure-special-moments-newborn-weddings-birthday-dll-1735422370974500618-1735423689722988298"", ""price"": 124800, ""price_payload"": 124800, ""price_fmt"": ""Rp124.800"", ""original_price"": null, ""slash_price_fmt"": """", ""discount_percentage"": 0.0, ""option_ids"": [""3""], ""option_names"": [""COLOUR (Acrylic hand painting)""], ""option_names_raw"": [""COLOUR (Acrylic hand painting)""], ""stock"": 5, ""is_buyable"": true, ""minimum_order"": 1, ""maximum_order"": 5, ""stock_message"": ""Stok tersisa beli segera!"", ""is_cod"": false, ""image_url"": ""https://images.tokopedia.net/img/cache/700/aphluv/1997/1/1/f2998fb257e94aa18a47108f1861705e~.jpeg.webp"", ""image_url_100"": ""https://images.tokopedia.net/img/cache/150/aphluv/1997/1/1/f2998fb257e94aa18a47108f1861705e~.jpeg"", ""is_placeholder"": false, ""status"": ""TERSEDIA""}]",1,apollo_cache,apollo_cache,2026-09-17T15:53:45+07:00,OK,
103339597166,7494627384206133002,"[PREORDER] 3D PRINT CUSTOM FIGURE (Bubble head, chibi, cartoon, emoji) READ DESCRIPTION FOR ORDER",https://www.tokopedia.com/niuvastudio/3d-print-custom-figure-bubble-head-chibi-cartoon-emoji-1735421281506264842-1735421539156526858,35200,35200,0,,35200,160000,True,True,8,8,0,,0,,,0,5,0,0,0,0,0,Baru,Figure Set,Mainan & Hobi > Figure > Figure Set,Semua Etalase,0.2,KILOGRAM,1 Buah,"NIUVA STUDIO – Jasa 3D print custom
Niuva Inovasi Utama – Niuva Studio merupakan mitra strategis inovasi dan pengembangan produk. Kami menghadirkan solusi kreatif berbasis riset dari konsultasi untuk menciptakan nilai tambah dan keunggulan yang nyata. Salah satu bentuknya adalah produk berbasis 3D print yang kami tawarkan untuk mengabadikan Special Moments mu!

DETAIL PRODUK :
Material : PLA
Size: 12cm
Layer height : 0.2mm

WAKTU PRODUKSI :
Estimasi penyelesaian mengikuti durasi printing dan kondisi antrian produksi.

TERMS & CONDITION :
- Pose atau gaya bisa disesuaikan dengan foto referensi
- Desain yang sudah fix dan sudah memasuki tahap cetak tidak bisa revisi lagi.
- Finishing menggunakan hand painting

NOTE :
- Pastikan file dapat di buka dan tidak error (png, JPEG, STL)
- Maksimal revisi adalah sebelum masuk masa cetak
- Warna dilakukan secara manual menggunakan cat akrilik
- Ketika menerima paket, mohon rekam proses saat membuka paket.

PRE ORDER CUSTOM ORDER

Produksi akan memakan waktu 1-2 minggu, tergantung besar/kecil produk dan lama pengecatan
Untuk Pre-Order, customer WAJIB chat admin terlebih dahulu
Pembayaran full 3 hari sebelum delivery (tidak ada deposit)

Jika ada kesalahan pengiriman atau kekurangan barang, silakan hubungi kami dan sertakan video sebagai bukti. Komplain tanpa bukti video tidak dapat diproses.","NIUVA STUDIO – Jasa 3D print custom
Niuva Inovasi Utama – Niuva Studio merupakan mitra strategis inovasi dan pengembangan produk. Kami menghadirkan solusi kreatif berbasis riset dari konsultasi untuk menciptakan nilai tambah dan keunggulan yang nyata. Salah satu bentuknya adalah produk berbasis 3D print yang kami tawarkan untuk mengabadikan Special Moments mu!

DETAIL PRODUK :
Material : PLA
Size: 12cm
Layer height : 0.2mm

WAKTU PRODUKSI :
Estimasi penyelesaian mengikuti durasi printing dan kondisi antrian produksi.

TERMS & CONDITION :
- Pose atau gaya bisa disesuaikan dengan foto referensi
- Desain yang sudah fix dan sudah memasuki tahap cetak tidak bisa revisi lagi.
- Finishing menggunakan hand painting

NOTE :
- Pastikan file dapat di buka dan tidak error (png, JPEG, STL)
- Maksimal revisi adalah sebelum masuk masa cetak
- Warna dilakukan secara manual menggunakan cat akrilik
- Ketika menerima paket, mohon rekam proses saat membuka paket.

PRE ORDER CUSTOM ORDER

Produksi akan memakan waktu 1-2 minggu, tergantung besar/kecil produk dan lama pengecatan
Untuk Pre-Order, customer WAJIB chat admin terlebih dahulu
Pembayaran full 3 hari sebelum delivery (tidak ada deposit)

Jika ada kesalahan pengiriman atau kekurangan barang, silakan hubungi kami dan sertakan video sebagai bukti. Komplain tanpa bukti video tidak dapat diproses.",5,"[{""section_no"": 1, ""title"": ""DESKRIPSI UMUM"", ""text"": ""NIUVA STUDIO – Jasa 3D print custom\nNiuva Inovasi Utama – Niuva Studio merupakan mitra strategis inovasi dan pengembangan produk. Kami menghadirkan solusi kreatif berbasis riset dari konsultasi untuk menciptakan nilai tambah dan keunggulan yang nyata. Salah satu bentuknya adalah produk berbasis 3D print yang kami tawarkan untuk mengabadikan Special Moments mu!"", ""lines"": [""NIUVA STUDIO – Jasa 3D print custom"", ""Niuva Inovasi Utama – Niuva Studio merupakan mitra strategis inovasi dan pengembangan produk. Kami menghadirkan solusi kreatif berbasis riset dari konsultasi untuk menciptakan nilai tambah dan keunggulan yang nyata. Salah satu bentuknya adalah produk berbasis 3D print yang kami tawarkan untuk mengabadikan Special Moments mu!""], ""bullets"": []}, {""section_no"": 2, ""title"": ""DETAIL PRODUK"", ""text"": ""Material : PLA\nSize: 12cm\nLayer height : 0.2mm"", ""lines"": [""Material : PLA"", ""Size: 12cm"", ""Layer height : 0.2mm""], ""bullets"": []}, {""section_no"": 3, ""title"": ""WAKTU PRODUKSI"", ""text"": ""Estimasi penyelesaian mengikuti durasi printing dan kondisi antrian produksi."", ""lines"": [""Estimasi penyelesaian mengikuti durasi printing dan kondisi antrian produksi.""], ""bullets"": []}, {""section_no"": 4, ""title"": ""TERMS & CONDITION"", ""text"": ""- Pose atau gaya bisa disesuaikan dengan foto referensi\n- Desain yang sudah fix dan sudah memasuki tahap cetak tidak bisa revisi lagi.\n- Finishing menggunakan hand painting"", ""lines"": [""- Pose atau gaya bisa disesuaikan dengan foto referensi"", ""- Desain yang sudah fix dan sudah memasuki tahap cetak tidak bisa revisi lagi."", ""- Finishing menggunakan hand painting""], ""bullets"": [""Pose atau gaya bisa disesuaikan dengan foto referensi"", ""Desain yang sudah fix dan sudah memasuki tahap cetak tidak bisa revisi lagi."", ""Finishing menggunakan hand painting""]}, {""section_no"": 5, ""title"": ""NOTE"", ""text"": ""- Pastikan file dapat di buka dan tidak error (png, JPEG, STL)\n- Maksimal revisi adalah sebelum masuk masa cetak\n- Warna dilakukan secara manual menggunakan cat akrilik\n- Ketika menerima paket, mohon rekam proses saat membuka paket.\nPRE ORDER CUSTOM ORDER\nProduksi akan memakan waktu 1-2 minggu, tergantung besar/kecil produk dan lama pengecatan\nUntuk Pre-Order, customer WAJIB chat admin terlebih dahulu\nPembayaran full 3 hari sebelum delivery (tidak ada deposit)\nJika ada kesalahan pengiriman atau kekurangan barang, silakan hubungi kami dan sertakan video sebagai bukti. Komplain tanpa bukti video tidak dapat diproses."", ""lines"": [""- Pastikan file dapat di buka dan tidak error (png, JPEG, STL)"", ""- Maksimal revisi adalah sebelum masuk masa cetak"", ""- Warna dilakukan secara manual menggunakan cat akrilik"", ""- Ketika menerima paket, mohon rekam proses saat membuka paket."", ""PRE ORDER CUSTOM ORDER"", ""Produksi akan memakan waktu 1-2 minggu, tergantung besar/kecil produk dan lama pengecatan"", ""Untuk Pre-Order, customer WAJIB chat admin terlebih dahulu"", ""Pembayaran full 3 hari sebelum delivery (tidak ada deposit)"", ""Jika ada kesalahan pengiriman atau kekurangan barang, silakan hubungi kami dan sertakan video sebagai bukti. Komplain tanpa bukti video tidak dapat diproses.""], ""bullets"": [""Pastikan file dapat di buka dan tidak error (png, JPEG, STL)"", ""Maksimal revisi adalah sebelum masuk masa cetak"", ""Warna dilakukan secara manual menggunakan cat akrilik"", ""Ketika menerima paket, mohon rekam proses saat membuka paket.""]}]",https://p16-images-sign-sg.tokopedia-static.net/tos-alisg-i-aphluv4xwc-sg/f459dd5b748e424e9c656220f3bc9b12~tplv-aphluv4xwc-resize-jpeg:700:0.jpeg?lk3s=0ccea506&x-expires=1789646031&x-signature=JzuGZkBT%2FivUuAES754e3G7xEBg%3D&x-signature-webp=qU1UVGZCXDI2%2FoUWU2Wr2VrWYtg%3D,5,"[""https://p16-images-sign-sg.tokopedia-static.net/tos-alisg-i-aphluv4xwc-sg/f459dd5b748e424e9c656220f3bc9b12~tplv-aphluv4xwc-resize-jpeg:700:0.jpeg?lk3s=0ccea506&x-expires=1789646031&x-signature=JzuGZkBT%2FivUuAES754e3G7xEBg%3D&x-signature-webp=qU1UVGZCXDI2%2FoUWU2Wr2VrWYtg%3D"", ""https://p16-images-sign-sg.tokopedia-static.net/tos-alisg-i-aphluv4xwc-sg/9aa346acb295436d948b9cb50e68fddf~tplv-aphluv4xwc-resize-jpeg:700:0.jpeg?lk3s=0ccea506&x-expires=1789646031&x-signature=0oAWPPB9%2FWirKROikDeV7UqZ%2BjY%3D&x-signature-webp=J%2FTOGC%2BcIaDazz1DbxQKh8HTZGo%3D"", ""https://p16-images-sign-sg.tokopedia-static.net/tos-alisg-i-aphluv4xwc-sg/ef3c8764dce0463d953d434d342e945b~tplv-aphluv4xwc-resize-jpeg:700:0.jpeg?lk3s=0ccea506&x-expires=1789646031&x-signature=96AAJ2Sx9khmvt2Pc2vksX4Nbjk%3D&x-signature-webp=Pbx0bxSLhIfoYM2cPbQH%2Fkaeg5c%3D"", ""https://p16-images-sign-sg.tokopedia-static.net/tos-alisg-i-aphluv4xwc-sg/3ac71c0a7062435c887a1060946f4d00~tplv-aphluv4xwc-resize-jpeg:700:0.jpeg?lk3s=0ccea506&x-expires=1789646031&x-signature=6HKct0z0vV8o6rt0dlS97YnX4rM%3D&x-signature-webp=J%2B10JMv9SYpOR5szhoCfH8wd3Tk%3D"", ""https://p16-images-sign-sg.tokopedia-static.net/tos-alisg-i-aphluv4xwc-sg/3c173fb0e65b48c2afbeca2c0ab0392d~tplv-aphluv4xwc-resize-jpeg:700:0.jpeg?lk3s=0ccea506&x-expires=1789646031&x-signature=zxq4qogcgI2kpsBJOUDVUmnBhVc%3D&x-signature-webp=JQRRUOHHKFymUqK%2F1ajq7QEDUiM%3D""]",Niuva_Product_Images\103339597166\gallery_001.jpg,"[{""title"": ""Kondisi"", ""value"": ""Baru""}, {""title"": ""Pemesanan Minimum"", ""value"": ""1 Buah""}, {""title"": ""Kategori"", ""value"": ""Figure Set""}, {""title"": ""Etalase"", ""value"": ""Semua Etalase""}]","[{""name"": ""style"", ""identifier"": """", ""options"": [{""option_id"": ""3"", ""value"": ""CARTOON"", ""hex_color"": """", ""stock"": 10, ""picture_url"": """", ""picture_url_100"": """"}, {""option_id"": ""4"", ""value"": ""EMOJI"", ""hex_color"": """", ""stock"": 10, ""picture_url"": """", ""picture_url_100"": """"}, {""option_id"": ""5"", ""value"": ""PETITE"", ""hex_color"": """", ""stock"": 10, ""picture_url"": """", ""picture_url_100"": """"}, {""option_id"": ""6"", ""value"": ""BIG HEAD"", ""hex_color"": """", ""stock"": 10, ""picture_url"": """", ""picture_url_100"": """"}]}, {""name"": ""finishing"", ""identifier"": """", ""options"": [{""option_id"": ""7"", ""value"": ""NO COLOUR"", ""hex_color"": """", ""stock"": 0, ""picture_url"": """", ""picture_url_100"": """"}, {""option_id"": ""8"", ""value"": ""COLOUR"", ""hex_color"": """", ""stock"": 0, ""picture_url"": """", ""picture_url_100"": """"}]}]","[{""product_id"": ""103339597166"", ""product_name"": ""[PREORDER] 3D PRINT CUSTOM FIGURE (Bubble head, chibi, cartoon, emoji) READ DESCRIPTION FOR ORDER - CARTOON, NO COLOUR"", ""product_name_raw"": ""[PREORDER] 3D PRINT CUSTOM FIGURE (Bubble head, chibi, cartoon, emoji) READ DESCRIPTION FOR ORDER - CARTOON, NO COLOUR"", ""product_url"": ""https://www.tokopedia.com/niuvastudio/3d-print-custom-figure-bubble-head-chibi-cartoon-emoji-1735421281506264842-1735421539156526858"", ""price"": 35200, ""price_payload"": 35200, ""price_fmt"": ""Rp35.200"", ""original_price"": null, ""slash_price_fmt"": """", ""discount_percentage"": 0.0, ""option_ids"": [""3"", ""7""], ""option_names"": [""CARTOON"", ""NO COLOUR""], ""option_names_raw"": [""CARTOON"", ""NO COLOUR""], ""stock"": 5, ""is_buyable"": true, ""minimum_order"": 1, ""maximum_order"": 5, ""stock_message"": ""Stok tersisa beli segera!"", ""is_cod"": false, ""image_url"": ""https://images.tokopedia.net/img/cache/700/aphluv/1997/1/1/f459dd5b748e424e9c656220f3bc9b12~.jpeg.webp"", ""image_url_100"": ""https://images.tokopedia.net/img/cache/150/aphluv/1997/1/1/f459dd5b748e424e9c656220f3bc9b12~.jpeg"", ""is_placeholder"": false, ""status"": ""TERSEDIA""}, {""product_id"": ""103339597167"", ""product_name"": ""[PREORDER] 3D PRINT CUSTOM FIGURE (Bubble head, chibi, cartoon, emoji) READ DESCRIPTION FOR ORDER - CARTOON, COLOUR"", ""product_name_raw"": ""[PREORDER] 3D PRINT CUSTOM FIGURE (Bubble head, chibi, cartoon, emoji) READ DESCRIPTION FOR ORDER - CARTOON, COLOUR"", ""product_url"": ""https://www.tokopedia.com/niuvastudio/3d-print-custom-figure-bubble-head-chibi-cartoon-emoji-1735421281506264842-1735421539156592394"", ""price"": 124800, ""price_payload"": 124800, ""price_fmt"": ""Rp124.800"", ""original_price"": null, ""slash_price_fmt"": """", ""discount_percentage"": 0.0, ""option_ids"": [""3"", ""8""], ""option_names"": [""CARTOON"", ""COLOUR""], ""option_names_raw"": [""CARTOON"", ""COLOUR""], ""stock"": 5, ""is_buyable"": true, ""minimum_order"": 1, ""maximum_order"": 5, ""stock_message"": ""Stok tersisa beli segera!"", ""is_cod"": false, ""image_url"": ""https://images.tokopedia.net/img/cache/700/aphluv/1997/1/1/f459dd5b748e424e9c656220f3bc9b12~.jpeg.webp"", ""image_url_100"": ""https://images.tokopedia.net/img/cache/150/aphluv/1997/1/1/f459dd5b748e424e9c656220f3bc9b12~.jpeg"", ""is_placeholder"": false, ""status"": ""TERSEDIA""}, {""product_id"": ""103339597168"", ""product_name"": ""[PREORDER] 3D PRINT CUSTOM FIGURE (Bubble head, chibi, cartoon, emoji) READ DESCRIPTION FOR ORDER - EMOJI, NO COLOUR"", ""product_name_raw"": ""[PREORDER] 3D PRINT CUSTOM FIGURE (Bubble head, chibi, cartoon, emoji) READ DESCRIPTION FOR ORDER - EMOJI, NO COLOUR"", ""product_url"": ""https://www.tokopedia.com/niuvastudio/3d-print-custom-figure-bubble-head-chibi-cartoon-emoji-1735421281506264842-1735421539156657930"", ""price"": 70000, ""price_payload"": 70000, ""price_fmt"": ""Rp70.000"", ""original_price"": null, ""slash_price_fmt"": """", ""discount_percentage"": 0.0, ""option_ids"": [""4"", ""7""], ""option_names"": [""EMOJI"", ""NO COLOUR""], ""option_names_raw"": [""EMOJI"", ""NO COLOUR""], ""stock"": 5, ""is_buyable"": true, ""minimum_order"": 1, ""maximum_order"": 5, ""stock_message"": ""Stok tersisa beli segera!"", ""is_cod"": false, ""image_url"": ""https://images.tokopedia.net/img/cache/700/aphluv/1997/1/1/f459dd5b748e424e9c656220f3bc9b12~.jpeg.webp"", ""image_url_100"": ""https://images.tokopedia.net/img/cache/150/aphluv/1997/1/1/f459dd5b748e424e9c656220f3bc9b12~.jpeg"", ""is_placeholder"": false, ""status"": ""TERSEDIA""}, {""product_id"": ""103339597169"", ""product_name"": ""[PREORDER] 3D PRINT CUSTOM FIGURE (Bubble head, chibi, cartoon, emoji) READ DESCRIPTION FOR ORDER - EMOJI, COLOUR"", ""product_name_raw"": ""[PREORDER] 3D PRINT CUSTOM FIGURE (Bubble head, chibi, cartoon, emoji) READ DESCRIPTION FOR ORDER - EMOJI, COLOUR"", ""product_url"": ""https://www.tokopedia.com/niuvastudio/3d-print-custom-figure-bubble-head-chibi-cartoon-emoji-1735421281506264842-1735421539156723466"", ""price"": 160000, ""price_payload"": 160000, ""price_fmt"": ""Rp160.000"", ""original_price"": null, ""slash_price_fmt"": """", ""discount_percentage"": 0.0, ""option_ids"": [""4"", ""8""], ""option_names"": [""EMOJI"", ""COLOUR""], ""option_names_raw"": [""EMOJI"", ""COLOUR""], ""stock"": 5, ""is_buyable"": true, ""minimum_order"": 1, ""maximum_order"": 5, ""stock_message"": ""Stok tersisa beli segera!"", ""is_cod"": false, ""image_url"": ""https://images.tokopedia.net/img/cache/700/aphluv/1997/1/1/f459dd5b748e424e9c656220f3bc9b12~.jpeg.webp"", ""image_url_100"": ""https://images.tokopedia.net/img/cache/150/aphluv/1997/1/1/f459dd5b748e424e9c656220f3bc9b12~.jpeg"", ""is_placeholder"": false, ""status"": ""TERSEDIA""}, {""product_id"": ""103339597170"", ""product_name"": ""[PREORDER] 3D PRINT CUSTOM FIGURE (Bubble head, chibi, cartoon, emoji) READ DESCRIPTION FOR ORDER - PETITE, NO COLOUR"", ""product_name_raw"": ""[PREORDER] 3D PRINT CUSTOM FIGURE (Bubble head, chibi, cartoon, emoji) READ DESCRIPTION FOR ORDER - PETITE, NO COLOUR"", ""product_url"": ""https://www.tokopedia.com/niuvastudio/3d-print-custom-figure-bubble-head-chibi-cartoon-emoji-1735421281506264842-1735421539156789002"", ""price"": 70000, ""price_payload"": 70000, ""price_fmt"": ""Rp70.000"", ""original_price"": null, ""slash_price_fmt"": """", ""discount_percentage"": 0.0, ""option_ids"": [""5"", ""7""], ""option_names"": [""PETITE"", ""NO COLOUR""], ""option_names_raw"": [""PETITE"", ""NO COLOUR""], ""stock"": 5, ""is_buyable"": true, ""minimum_order"": 1, ""maximum_order"": 5, ""stock_message"": ""Stok tersisa beli segera!"", ""is_cod"": false, ""image_url"": ""https://images.tokopedia.net/img/cache/700/aphluv/1997/1/1/f459dd5b748e424e9c656220f3bc9b12~.jpeg.webp"", ""image_url_100"": ""https://images.tokopedia.net/img/cache/150/aphluv/1997/1/1/f459dd5b748e424e9c656220f3bc9b12~.jpeg"", ""is_placeholder"": false, ""status"": ""TERSEDIA""}, {""product_id"": ""103339597171"", ""product_name"": ""[PREORDER] 3D PRINT CUSTOM FIGURE (Bubble head, chibi, cartoon, emoji) READ DESCRIPTION FOR ORDER - PETITE, COLOUR"", ""product_name_raw"": ""[PREORDER] 3D PRINT CUSTOM FIGURE (Bubble head, chibi, cartoon, emoji) READ DESCRIPTION FOR ORDER - PETITE, COLOUR"", ""product_url"": ""https://www.tokopedia.com/niuvastudio/3d-print-custom-figure-bubble-head-chibi-cartoon-emoji-1735421281506264842-1735421539156854538"", ""price"": 160000, ""price_payload"": 160000, ""price_fmt"": ""Rp160.000"", ""original_price"": null, ""slash_price_fmt"": """", ""discount_percentage"": 0.0, ""option_ids"": [""5"", ""8""], ""option_names"": [""PETITE"", ""COLOUR""], ""option_names_raw"": [""PETITE"", ""COLOUR""], ""stock"": 5, ""is_buyable"": true, ""minimum_order"": 1, ""maximum_order"": 5, ""stock_message"": ""Stok tersisa beli segera!"", ""is_cod"": false, ""image_url"": ""https://images.tokopedia.net/img/cache/700/aphluv/1997/1/1/f459dd5b748e424e9c656220f3bc9b12~.jpeg.webp"", ""image_url_100"": ""https://images.tokopedia.net/img/cache/150/aphluv/1997/1/1/f459dd5b748e424e9c656220f3bc9b12~.jpeg"", ""is_placeholder"": false, ""status"": ""TERSEDIA""}, {""product_id"": ""103339597172"", ""product_name"": ""[PREORDER] 3D PRINT CUSTOM FIGURE (Bubble head, chibi, cartoon, emoji) READ DESCRIPTION FOR ORDER - BIG HEAD, NO COLOUR"", ""product_name_raw"": ""[PREORDER] 3D PRINT CUSTOM FIGURE (Bubble head, chibi, cartoon, emoji) READ DESCRIPTION FOR ORDER - BIG HEAD, NO COLOUR"", ""product_url"": ""https://www.tokopedia.com/niuvastudio/3d-print-custom-figure-bubble-head-chibi-cartoon-emoji-1735421281506264842-1735421539156920074"", ""price"": 42000, ""price_payload"": 42000, ""price_fmt"": ""Rp42.000"", ""original_price"": null, ""slash_price_fmt"": """", ""discount_percentage"": 0.0, ""option_ids"": [""6"", ""7""], ""option_names"": [""BIG HEAD"", ""NO COLOUR""], ""option_names_raw"": [""BIG HEAD"", ""NO COLOUR""], ""stock"": 5, ""is_buyable"": true, ""minimum_order"": 1, ""maximum_order"": 5, ""stock_message"": ""Stok tersisa beli segera!"", ""is_cod"": false, ""image_url"": ""https://images.tokopedia.net/img/cache/700/aphluv/1997/1/1/f459dd5b748e424e9c656220f3bc9b12~.jpeg.webp"", ""image_url_100"": ""https://images.tokopedia.net/img/cache/150/aphluv/1997/1/1/f459dd5b748e424e9c656220f3bc9b12~.jpeg"", ""is_placeholder"": false, ""status"": ""TERSEDIA""}, {""product_id"": ""103339597173"", ""product_name"": ""[PREORDER] 3D PRINT CUSTOM FIGURE (Bubble head, chibi, cartoon, emoji) READ DESCRIPTION FOR ORDER - BIG HEAD, COLOUR"", ""product_name_raw"": ""[PREORDER] 3D PRINT CUSTOM FIGURE (Bubble head, chibi, cartoon, emoji) READ DESCRIPTION FOR ORDER - BIG HEAD, COLOUR"", ""product_url"": ""https://www.tokopedia.com/niuvastudio/3d-print-custom-figure-bubble-head-chibi-cartoon-emoji-1735421281506264842-1735421539156985610"", ""price"": 132000, ""price_payload"": 132000, ""price_fmt"": ""Rp132.000"", ""original_price"": null, ""slash_price_fmt"": """", ""discount_percentage"": 0.0, ""option_ids"": [""6"", ""8""], ""option_names"": [""BIG HEAD"", ""COLOUR""], ""option_names_raw"": [""BIG HEAD"", ""COLOUR""], ""stock"": 5, ""is_buyable"": true, ""minimum_order"": 1, ""maximum_order"": 5, ""stock_message"": ""Stok tersisa beli segera!"", ""is_cod"": false, ""image_url"": ""https://images.tokopedia.net/img/cache/700/aphluv/1997/1/1/f459dd5b748e424e9c656220f3bc9b12~.jpeg.webp"", ""image_url_100"": ""https://images.tokopedia.net/img/cache/150/aphluv/1997/1/1/f459dd5b748e424e9c656220f3bc9b12~.jpeg"", ""is_placeholder"": false, ""status"": ""TERSEDIA""}]",1,apollo_cache,apollo_cache,2026-09-17T15:53:47+07:00,OK,
